-- MySQL dump 10.13  Distrib 8.0.36, for Win64 (x86_64)
--
-- Host: 127.0.0.1    Database: site_db
-- ------------------------------------------------------
-- Server version	8.0.23

/*!40101 SET @OLD_CHARACTER_SET_CLIENT=@@CHARACTER_SET_CLIENT */;
/*!40101 SET @OLD_CHARACTER_SET_RESULTS=@@CHARACTER_SET_RESULTS */;
/*!40101 SET @OLD_COLLATION_CONNECTION=@@COLLATION_CONNECTION */;
/*!50503 SET NAMES utf8 */;
/*!40103 SET @OLD_TIME_ZONE=@@TIME_ZONE */;
/*!40103 SET TIME_ZONE='+00:00' */;
/*!40014 SET @OLD_UNIQUE_CHECKS=@@UNIQUE_CHECKS, UNIQUE_CHECKS=0 */;
/*!40014 SET @OLD_FOREIGN_KEY_CHECKS=@@FOREIGN_KEY_CHECKS, FOREIGN_KEY_CHECKS=0 */;
/*!40101 SET @OLD_SQL_MODE=@@SQL_MODE, SQL_MODE='NO_AUTO_VALUE_ON_ZERO' */;
/*!40111 SET @OLD_SQL_NOTES=@@SQL_NOTES, SQL_NOTES=0 */;

--
-- Table structure for table `_temp_registration`
--

DROP TABLE IF EXISTS `_temp_registration`;
/*!40101 SET @saved_cs_client     = @@character_set_client */;
/*!50503 SET character_set_client = utf8mb4 */;
CREATE TABLE `_temp_registration` (
  `ID` int NOT NULL AUTO_INCREMENT,
  `USER_ID` varchar(20) NOT NULL,
  `USER_NAME` varchar(45) NOT NULL,
  `MAIL_ADD` varchar(254) NOT NULL,
  `COMPLETE_FLG` varchar(45) DEFAULT '0' COMMENT '0:本登録前、1：本登録後',
  `ENTRY_DATETIME` datetime DEFAULT CURRENT_TIMESTAMP,
  `UPDATE_DATETIME` datetime DEFAULT CURRENT_TIMESTAMP ON UPDATE CURRENT_TIMESTAMP,
  `DELETE_FLG` tinyint DEFAULT '0',
  PRIMARY KEY (`ID`),
  UNIQUE KEY `ID_UNIQUE` (`ID`)
) ENGINE=InnoDB DEFAULT CHARSET=utf8mb4 COLLATE=utf8mb4_0900_ai_ci COMMENT='ユーザー仮登録用テーブル';
/*!40101 SET character_set_client = @saved_cs_client */;

--
-- Dumping data for table `_temp_registration`
--

LOCK TABLES `_temp_registration` WRITE;
/*!40000 ALTER TABLE `_temp_registration` DISABLE KEYS */;
/*!40000 ALTER TABLE `_temp_registration` ENABLE KEYS */;
UNLOCK TABLES;

--
-- Table structure for table `charas`
--

DROP TABLE IF EXISTS `charas`;
/*!40101 SET @saved_cs_client     = @@character_set_client */;
/*!50503 SET character_set_client = utf8mb4 */;
CREATE TABLE `charas` (
  `CHARACTER_ID` int NOT NULL AUTO_INCREMENT,
  `CREATER_ID` varchar(20) NOT NULL,
  `NAME` varchar(45) NOT NULL,
  `NAME_KANA` varchar(45) DEFAULT NULL,
  `MEMO` varchar(255) DEFAULT NULL,
  `IS_LOST` tinyint DEFAULT '0',
  `IMAGE_FILENAME` varchar(255) DEFAULT NULL,
  `IMAGE_PATH` varchar(255) DEFAULT NULL,
  `EXTERNAL_LINK` text,
  `ENTRY_DATETIME` datetime DEFAULT CURRENT_TIMESTAMP,
  `UPDATE_DATETIME` datetime DEFAULT CURRENT_TIMESTAMP ON UPDATE CURRENT_TIMESTAMP,
  `DELETE_FLG` tinyint DEFAULT '0',
  PRIMARY KEY (`CHARACTER_ID`),
  UNIQUE KEY `CHARACTER_ID_UNIQUE` (`CHARACTER_ID`)
) ENGINE=InnoDB AUTO_INCREMENT=11 DEFAULT CHARSET=utf8mb4 COLLATE=utf8mb4_0900_ai_ci COMMENT='ユーザーの登録したキャラクターを管理する';
/*!40101 SET character_set_client = @saved_cs_client */;

--
-- Dumping data for table `charas`
--

LOCK TABLES `charas` WRITE;
/*!40000 ALTER TABLE `charas` DISABLE KEYS */;
INSERT INTO `charas` VALUES (1,'aaa123','テストキャラ','aa','a',0,'5af7b85e-e09f-4e98-80be-5225cfd19a97_20240926124423.png','chara_imgs\\5af7b85e-e09f-4e98-80be-5225cfd19a97_20240926124423.png','https://www','2024-09-26 12:44:24','2024-09-26 12:44:24',0),(2,'aaa123','テストキャラ2','テストキャラ','aaa',0,'f92f560d-bd82-4f04-97ac-13c3e89a07a6_20240926124511.png','chara_imgs\\f92f560d-bd82-4f04-97ac-13c3e89a07a6_20240926124511.png','https://www','2024-09-26 12:45:12','2024-09-26 12:45:12',0),(3,'aaa123','aaa','テストキャラ','a',0,'19150c49-fec1-4138-b286-2f823ad7a1c7_20240926124538.png','chara_imgs\\19150c49-fec1-4138-b286-2f823ad7a1c7_20240926124538.png','https://www','2024-09-26 12:45:39','2024-09-26 12:45:39',0),(4,'aaa123','ttt','aaa123','memo',0,'d045c0fd-c307-4f40-b569-dc8ff2d46ba9_20240926124552.png','chara_imgs\\d045c0fd-c307-4f40-b569-dc8ff2d46ba9_20240926124552.png','https://www','2024-09-26 12:45:53','2024-09-26 12:45:53',0),(5,'aaa123','ttt','aa','aa',0,'7c13734e-03e3-463d-aa28-43ffb0f26cb7_20240926124614.png','chara_imgs\\7c13734e-03e3-463d-aa28-43ffb0f26cb7_20240926124614.png','https://www','2024-09-26 12:46:15','2024-09-26 12:46:15',0),(6,'aaa123','aaa123','テストキャラ','a',0,'d2bb6cd8-db21-4693-8ea0-d94c3d62448e_20240926132501.png','chara_imgs\\d2bb6cd8-db21-4693-8ea0-d94c3d62448e_20240926132501.png','https://www','2024-09-26 13:25:02','2024-09-26 13:25:02',0),(7,'aaa123','田中','タナカ','あ',0,'a5b8cc9b-d47a-431e-9041-ecc66713f3ba_20240926135136.png','chara_imgs\\a5b8cc9b-d47a-431e-9041-ecc66713f3ba_20240926135136.png','https://www','2024-09-26 13:51:37','2024-09-26 13:51:37',0),(8,'aaa123','適当なキャラ','てきとうなきゃら','適当です',0,'3fb4cf57-fc58-4a47-a5a1-97d2f0e4a115_20240926151617.png','chara_imgs\\3fb4cf57-fc58-4a47-a5a1-97d2f0e4a115_20240926151617.png','https://www','2024-09-26 15:16:18','2024-09-26 15:16:18',0),(9,'123','新しいユーザーのキャラ','123','赤いキャラクターです',0,'501f0de4-dfc2-4494-ad57-86a6370b7e53_20241018112218.png','chara_imgs\\501f0de4-dfc2-4494-ad57-86a6370b7e53_20241018112218.png','https://www','2024-10-18 11:22:19','2024-10-18 11:22:19',0),(10,'aaa123','轟','とどろき','とどろきます',0,'9551361f-72fc-468e-bd01-34cd8bb319e4_20241018143614.png','chara_imgs\\9551361f-72fc-468e-bd01-34cd8bb319e4_20241018143614.png','https://www','2024-10-18 14:36:15','2024-10-18 14:36:15',0);
/*!40000 ALTER TABLE `charas` ENABLE KEYS */;
UNLOCK TABLES;

--
-- Table structure for table `entry_approval`
--

DROP TABLE IF EXISTS `entry_approval`;
/*!40101 SET @saved_cs_client     = @@character_set_client */;
/*!50503 SET character_set_client = utf8mb4 */;
CREATE TABLE `entry_approval` (
  `ID` int NOT NULL AUTO_INCREMENT,
  `EVENT_ID` int NOT NULL,
  `SIGN_UP_USER_ID` varchar(20) NOT NULL,
  `APPROVE_STATUS` int DEFAULT '0',
  `ENTRY_DATETIME` datetime DEFAULT CURRENT_TIMESTAMP,
  `UPDATE_DATETIME` datetime DEFAULT CURRENT_TIMESTAMP ON UPDATE CURRENT_TIMESTAMP,
  `DELETE_FLG` tinyint DEFAULT '0',
  PRIMARY KEY (`ID`)
) ENGINE=InnoDB AUTO_INCREMENT=55 DEFAULT CHARSET=utf8mb4 COLLATE=utf8mb4_0900_ai_ci COMMENT='イベント参加承認テーブル\n参加承認しないと、参加キャラを登録できない。';
/*!40101 SET character_set_client = @saved_cs_client */;

--
-- Dumping data for table `entry_approval`
--

LOCK TABLES `entry_approval` WRITE;
/*!40000 ALTER TABLE `entry_approval` DISABLE KEYS */;
INSERT INTO `entry_approval` VALUES (1,1,'aaa123',0,'2024-09-20 15:42:39','2024-10-04 10:19:07',0),(2,2,'aaa123',0,'2024-09-20 15:42:39','2024-10-04 10:19:07',0),(3,3,'aaa123',0,'2024-09-20 15:42:39','2024-10-04 10:19:07',0),(4,4,'123',0,'2024-09-20 15:42:39','2024-10-04 10:19:07',0),(5,5,'123',0,'2024-09-20 15:42:39','2024-10-04 10:19:07',0),(6,10,'aaa123',0,'2024-09-24 13:50:58','2024-09-24 13:50:58',0),(7,11,'aaa123',0,'2024-09-24 15:19:12','2024-09-24 15:19:12',0),(8,12,'aaa123',0,'2024-09-24 15:21:06','2024-09-24 15:21:06',0),(9,13,'aaa123',0,'2024-09-24 15:22:43','2024-09-24 15:22:43',0),(10,14,'aaa123',0,'2024-09-26 15:15:46','2024-09-26 15:15:46',0),(11,15,'aaa123',0,'2024-09-30 13:33:52','2024-09-30 13:33:52',0),(12,16,'aaa123',0,'2024-09-30 13:34:45','2024-09-30 13:34:45',0),(13,17,'aaa123',0,'2024-09-30 13:53:55','2024-09-30 13:53:55',0),(14,18,'aaa123',0,'2024-09-30 13:54:55','2024-09-30 13:54:55',0),(15,19,'aaa123',0,'2024-09-30 14:58:51','2024-09-30 14:58:51',0),(16,20,'aaa123',0,'2024-09-30 14:58:51','2024-09-30 14:58:51',0),(17,21,'aaa123',0,'2024-09-30 14:58:51','2024-09-30 14:58:51',0),(18,22,'aaa123',0,'2024-09-30 14:58:51','2024-09-30 14:58:51',0),(19,23,'aaa123',0,'2024-09-30 14:58:51','2024-09-30 14:58:51',0),(20,24,'aaa123',0,'2024-09-30 14:58:51','2024-09-30 14:58:51',0),(21,25,'aaa123',0,'2024-09-30 14:58:51','2024-09-30 14:58:51',0),(22,26,'aaa123',0,'2024-09-30 14:58:51','2024-09-30 14:58:51',0),(23,27,'aaa123',0,'2024-09-30 14:58:51','2024-09-30 14:58:51',0),(24,28,'aaa123',0,'2024-09-30 14:58:51','2024-09-30 14:58:51',0),(25,29,'aaa123',0,'2024-09-30 14:58:51','2024-09-30 14:58:51',0),(26,30,'aaa123',0,'2024-09-30 14:58:51','2024-09-30 14:58:51',0),(27,31,'aaa123',0,'2024-09-30 14:58:51','2024-09-30 14:58:51',0),(28,32,'aaa123',0,'2024-09-30 14:58:51','2024-09-30 14:58:51',0),(29,33,'aaa123',0,'2024-09-30 14:58:51','2024-09-30 14:58:51',0),(30,34,'aaa123',0,'2024-09-30 14:58:51','2024-09-30 14:58:51',0),(31,35,'123',0,'2024-10-01 14:42:16','2024-10-01 14:42:16',0),(32,36,'123',0,'2024-10-01 14:43:23','2024-10-01 14:43:23',0),(33,36,'aaa123',0,'2024-10-02 14:05:13','2024-10-04 10:19:07',0),(34,37,'test2',0,'2024-10-02 15:26:15','2024-10-04 10:19:07',0),(35,38,'test2',0,'2024-10-02 15:27:03','2024-10-04 10:19:07',0),(36,36,'test2',0,'2024-10-02 15:27:11','2024-10-04 10:19:07',0),(37,31,'test2',0,'2024-10-02 15:32:26','2024-10-04 10:19:07',0),(38,38,'aaa123',0,'2024-10-03 09:06:02','2024-10-04 10:19:07',0),(39,37,'aaa123',0,'2024-10-03 09:08:56','2024-10-04 10:19:07',0),(40,24,'test2',0,'2024-10-03 09:12:44','2024-10-04 10:19:07',0),(41,39,'aaa123',0,'2024-10-03 09:15:36','2024-10-04 10:19:07',0),(42,40,'123',0,'2024-10-03 09:16:08','2024-10-04 10:19:07',0),(43,39,'123',1,'2024-10-03 09:16:26','2024-10-04 13:52:16',0),(44,40,'aaa123',0,'2024-10-03 09:19:11','2024-10-04 10:19:07',0),(45,38,'123',0,'2024-10-03 09:22:12','2024-10-04 10:19:07',0),(46,41,'aaa123',0,'2024-10-03 09:27:32','2024-10-04 10:19:07',0),(47,42,'aaa123',0,'2024-10-03 09:27:59','2024-10-04 14:06:43',0),(48,43,'aaa123',2,'2024-10-03 09:28:17','2024-10-04 13:38:10',0),(49,41,'123',0,'2024-10-03 09:28:32','2024-10-04 10:19:07',0),(50,43,'test2',1,'2024-10-03 09:31:00','2024-10-04 14:06:16',0),(51,42,'test2',1,'2024-10-03 09:38:05','2024-10-04 14:02:18',0),(52,44,'yukachi',0,'2024-10-04 14:53:17','2024-10-04 15:23:30',0),(53,45,'yukachi',0,'2024-10-04 14:54:08','2024-10-04 15:23:30',0),(54,44,'aaa123',0,'2024-10-04 14:54:53','2024-10-04 15:23:30',0);
/*!40000 ALTER TABLE `entry_approval` ENABLE KEYS */;
UNLOCK TABLES;

--
-- Table structure for table `event`
--

DROP TABLE IF EXISTS `event`;
/*!40101 SET @saved_cs_client     = @@character_set_client */;
/*!50503 SET character_set_client = utf8mb4 */;
CREATE TABLE `event` (
  `EVENT_ID` int NOT NULL AUTO_INCREMENT,
  `USER_ID` varchar(20) NOT NULL COMMENT '登録した',
  `EVENT_TITLE` varchar(40) NOT NULL,
  `EVENT_DATETIME` datetime NOT NULL,
  `ORGANIZER_NAME` varchar(20) NOT NULL,
  `ORGANIZER_ID` varchar(20) DEFAULT NULL,
  `SCENARIO_TITLE` varchar(45) DEFAULT NULL,
  `RECRUITMENT_START_DATE` datetime DEFAULT NULL,
  `RECRUITMENT_END_DATE` datetime DEFAULT NULL,
  `MEMBER_LIMIT` int DEFAULT NULL,
  `OPEN_LEVEL` int NOT NULL DEFAULT '0',
  `STATUS` int DEFAULT '0' COMMENT '0:要員あつめ\n1:集合済\n2：確定済\n3:開催済\n4:流れ',
  `ENTRY_DATETIME` datetime DEFAULT CURRENT_TIMESTAMP,
  `UPDATE_DATETIME` datetime DEFAULT CURRENT_TIMESTAMP ON UPDATE CURRENT_TIMESTAMP,
  `DELETE_FLG` tinyint DEFAULT '0',
  `CANCEL_FLG` tinyint DEFAULT '0',
  `eventcol` varchar(45) DEFAULT '0',
  PRIMARY KEY (`EVENT_ID`),
  UNIQUE KEY `EVENT_ID_UNIQUE` (`EVENT_ID`)
) ENGINE=InnoDB AUTO_INCREMENT=46 DEFAULT CHARSET=utf8mb4 COLLATE=utf8mb4_0900_ai_ci COMMENT='イベント情報テーブル';
/*!40101 SET character_set_client = @saved_cs_client */;

--
-- Dumping data for table `event`
--

LOCK TABLES `event` WRITE;
/*!40000 ALTER TABLE `event` DISABLE KEYS */;
INSERT INTO `event` VALUES (1,'aaa123','テストイベント','2024-09-27 15:21:00','taro','aaa123','テストシナリオ','2024-09-19 15:21:00','2024-09-19 15:21:00',10,0,0,'2024-09-18 15:21:36','2024-09-18 15:21:36',NULL,0,'0'),(2,'aaa123','テスト２','2024-09-27 15:23:00','taro','aaa123','テスト','2024-09-26 15:24:00','2024-10-04 15:24:00',5,0,0,'2024-09-18 15:24:11','2024-09-18 15:24:11',NULL,0,'0'),(3,'aaa123','テスト3','2024-09-20 15:25:00','taro','aaa123','あああああ','2024-09-27 15:25:00','2024-09-27 15:25:00',7,0,0,'2024-09-18 15:25:30','2024-09-18 15:25:30',NULL,0,'0'),(4,'aaa123','テスト','2024-09-20 08:59:00','taro','aaa123','大冒険','2024-09-20 08:59:00','2024-09-27 09:00:00',4,0,0,'2024-09-19 09:00:05','2024-09-19 09:00:05',NULL,0,'0'),(5,'123','test','2024-09-27 15:29:00','新しいユーザー','123','aaa','2024-10-05 15:30:00','2024-10-12 15:30:00',4,0,0,'2024-09-19 15:30:11','2024-09-19 15:30:11',NULL,0,'0'),(6,'aaa123','テスト登録09/24','2024-10-04 09:49:00','taro','aaa123','読書会','2024-10-03 09:50:00','2024-10-18 09:50:00',2,0,0,'2024-09-24 09:50:17','2024-09-24 09:50:17',NULL,0,'0'),(7,'aaa123','200240924テスト','2024-09-28 13:39:00','taro','aaa123','テストです','2024-09-25 13:39:00','2024-09-25 13:39:00',6,0,0,'2024-09-24 13:40:00','2024-09-24 13:40:00',NULL,0,'0'),(8,'aaa123','20240924テストイベント','2024-09-25 13:46:00','taro','aaa123','こんな遊びをします','2024-09-25 13:46:00','2024-09-27 13:46:00',4,0,0,'2024-09-24 13:46:38','2024-09-24 13:46:38',NULL,0,'0'),(9,'aaa123','test','2024-09-27 13:49:00','taro','aaa123','aaaaaa','2024-09-25 13:49:00','2024-09-26 13:49:00',3,0,0,'2024-09-24 13:49:19','2024-09-24 13:49:19',NULL,0,'0'),(10,'aaa123','20240924テストイベント','2024-09-28 13:50:00','taro','aaa123','シナリオ名テストです','2024-09-25 13:50:00','2024-09-26 13:50:00',2,0,0,'2024-09-24 13:50:58','2024-09-24 13:50:58',NULL,0,'0'),(11,'aaa123','20240924イベント２','2024-10-12 15:18:00','taro','aaa123','みんなでGarticPhone','2024-10-04 15:19:00','2024-10-03 15:19:00',4,1,0,'2024-09-24 15:19:12','2024-09-30 13:53:01',0,0,'0'),(12,'aaa123','aaa','2024-09-26 15:20:00','taro','aaa123','a','2024-09-26 15:21:00','2024-09-27 15:21:00',1,2,0,'2024-09-24 15:21:06','2024-09-30 13:53:01',0,0,'0'),(13,'aaa123','aaa','2024-09-26 15:20:00','taro','aaa123','a','2024-09-26 15:21:00','2024-09-27 15:21:00',1,2,0,'2024-09-24 15:22:43','2024-09-30 13:53:01',0,0,'0'),(14,'aaa123','aaa','2024-10-02 15:15:00','taro','aaa123','a','2024-10-04 15:15:00','2024-09-28 15:15:00',3,1,0,'2024-09-26 15:15:46','2024-09-30 13:53:01',0,0,'0'),(15,'aaa123','テスト用のちゃんとしたイベント','2024-10-12 13:33:00','taro','aaa123','テスト用のちゃんとしたシナリオ','2024-10-04 13:33:00','2024-10-08 13:33:00',10,1,0,'2024-09-30 13:33:52','2024-09-30 13:53:01',0,0,'0'),(16,'aaa123','テストイベント9/30～','2025-02-28 13:34:00','taro','aaa123','テストシナリオ','2024-09-30 13:35:00','2025-02-01 13:34:00',11,0,0,'2024-09-30 13:34:45','2024-09-30 13:53:01',0,0,'0'),(17,'aaa123','テスト用イベント２','2026-08-11 13:53:00','taro','aaa123','テストシナリオ','2024-11-01 13:53:00','2024-12-05 13:53:00',4,1,0,'2024-09-30 13:53:55','2024-09-30 13:53:55',0,0,'0'),(18,'aaa123','テストイベント','2024-10-12 13:54:00','taro','aaa123','テストシナリオ','2024-09-30 13:56:00','2024-10-12 13:54:00',2,0,0,'2024-09-30 13:54:55','2024-09-30 13:54:55',0,0,'0'),(19,'aaa123','テストイベント1','2024-09-27 15:21:00','taro','aaa123','テストシナリオ1','2024-09-19 15:21:00','2024-12-19 15:21:00',10,0,0,'2024-09-18 15:21:36','2024-09-18 15:21:36',0,0,'0'),(20,'aaa123','テストイベント2','2024-10-01 10:00:00','taro','aaa123','テストシナリオ2','2024-09-20 10:00:00','2024-12-20 10:00:00',15,0,0,'2024-09-19 10:00:00','2024-09-19 10:00:00',0,0,'0'),(21,'aaa123','テストイベント3','2024-10-05 14:00:00','taro','aaa123','テストシナリオ3','2024-09-21 14:00:00','2024-12-21 14:00:00',20,0,0,'2024-09-20 14:00:00','2024-09-20 14:00:00',0,0,'0'),(22,'aaa123','テストイベント4','2024-10-10 16:00:00','taro','aaa123','テストシナリオ4','2024-09-22 16:00:00','2024-12-22 16:00:00',25,0,0,'2024-09-21 16:00:00','2024-09-21 16:00:00',0,0,'0'),(23,'aaa123','テストイベント5','2024-10-15 18:00:00','taro','aaa123','テストシナリオ5','2024-09-23 18:00:00','2024-12-23 18:00:00',30,0,0,'2024-09-22 18:00:00','2024-09-22 18:00:00',0,0,'0'),(24,'aaa123','テストイベント6','2024-10-20 20:00:00','taro','aaa123','テストシナリオ6','2024-09-24 20:00:00','2024-12-24 20:00:00',35,0,0,'2024-09-23 20:00:00','2024-09-23 20:00:00',0,0,'0'),(25,'aaa123','テストイベント7','2024-10-25 22:00:00','taro','aaa123','テストシナリオ7','2024-09-25 22:00:00','2024-12-25 22:00:00',40,0,0,'2024-09-24 22:00:00','2024-09-24 22:00:00',0,0,'0'),(26,'aaa123','テストイベント8','2024-11-01 09:00:00','taro','aaa123','テストシナリオ8','2024-09-26 09:00:00','2024-12-26 09:00:00',45,0,0,'2024-09-25 09:00:00','2024-09-25 09:00:00',0,0,'0'),(27,'aaa123','テストイベント9','2024-11-05 11:00:00','taro','aaa123','テストシナリオ9','2024-09-27 11:00:00','2024-12-27 11:00:00',50,0,0,'2024-09-26 11:00:00','2024-09-26 11:00:00',0,0,'0'),(28,'aaa123','テストイベント10','2024-11-10 13:00:00','taro','aaa123','テストシナリオ10','2024-09-28 13:00:00','2024-12-28 13:00:00',55,0,0,'2024-09-27 13:00:00','2024-09-27 13:00:00',0,0,'0'),(29,'aaa123','テストイベント11','2024-11-15 15:00:00','taro','aaa123','テストシナリオ11','2024-09-29 15:00:00','2024-12-29 15:00:00',60,0,0,'2024-09-28 15:00:00','2024-09-28 15:00:00',0,0,'0'),(30,'aaa123','テストイベント12','2024-11-20 17:00:00','taro','aaa123','テストシナリオ12','2024-09-30 17:00:00','2024-12-30 17:00:00',65,0,0,'2024-09-29 17:00:00','2024-09-29 17:00:00',0,0,'0'),(31,'aaa123','テストイベント13','2024-11-25 19:00:00','taro','aaa123','テストシナリオ13','2024-09-01 19:00:00','2024-12-01 19:00:00',70,0,0,'2024-09-30 19:00:00','2024-09-30 19:00:00',0,0,'0'),(32,'aaa123','テストイベント14','2024-11-30 21:00:00','taro','aaa123','テストシナリオ14','2024-09-02 21:00:00','2024-12-02 21:00:00',75,0,0,'2024-09-01 21:00:00','2024-09-01 21:00:00',0,0,'0'),(33,'aaa123','テストイベント15','2024-12-05 23:00:00','taro','aaa123','テストシナリオ15','2024-09-03 23:00:00','2024-12-03 23:00:00',80,0,0,'2024-09-02 23:00:00','2024-09-02 23:00:00',0,0,'0'),(34,'aaa123','テストイベント16','2024-12-10 08:00:00','taro','aaa123','テストシナリオ16','2024-09-04 08:00:00','2024-12-04 08:00:00',85,0,0,'2024-09-03 08:00:00','2024-09-03 08:00:00',0,0,'0'),(35,'123','遊ぶの会','2025-04-05 14:47:00','新しいユーザー','123','「怪談」','2024-10-01 14:43:00','2025-02-15 14:41:00',3,1,0,'2024-10-01 14:42:16','2024-10-01 14:42:16',0,0,'0'),(36,'123','ふざけるの会','2024-11-09 14:43:00','新しいユーザー','123','テストシナリオ','2024-10-01 14:45:00','2025-03-08 14:43:00',6,1,0,'2024-10-01 14:43:23','2024-10-01 14:43:23',0,0,'0'),(37,'test2','新しいイベント','2024-12-07 15:25:00','普通の名前','test2','イベントシナリオ','2024-10-02 15:28:00','2025-02-15 15:26:00',2,1,0,'2024-10-02 15:26:15','2024-10-02 15:26:15',0,0,'0'),(38,'test2','新しいイベント２','2025-02-15 15:26:00','普通の名前','test2','テストシナリオ','2024-10-02 15:28:00','2025-03-22 15:26:00',5,1,0,'2024-10-02 15:27:03','2024-10-02 15:27:03',0,0,'0'),(39,'aaa123','あああのゲーム','2024-11-09 09:15:00','taro','aaa123','あ','2024-10-03 09:16:00','2024-11-02 09:15:00',2,1,0,'2024-10-03 09:15:36','2024-10-03 09:15:36',0,0,'0'),(40,'123','テストイベント','2024-10-09 09:15:00','新しいユーザー','123','aa','2024-10-03 09:17:00','2024-11-30 09:16:00',2,1,0,'2024-10-03 09:16:08','2024-10-03 09:16:08',0,0,'0'),(41,'aaa123','aaa','2024-10-04 09:27:00','taro','aaa123','a','2024-10-03 09:28:00','2024-12-07 09:27:00',2,1,0,'2024-10-03 09:27:32','2024-10-03 09:27:32',0,0,'0'),(42,'aaa123','テストイベント','2024-11-01 09:27:00','taro','aaa123','a','2024-10-03 09:29:00','2024-11-30 09:27:00',2,1,0,'2024-10-03 09:27:59','2024-10-03 09:27:59',0,0,'0'),(43,'aaa123','テストイベント','2024-11-08 09:28:00','taro','aaa123','a','2024-10-03 09:29:00','2024-11-09 09:28:00',3,1,0,'2024-10-03 09:28:17','2024-10-03 09:28:17',0,0,'0'),(44,'yukachi','ゆかちゃんと遊ぶ会','2024-11-09 14:52:00','ゆかちゃん','yukachi','しりとり','2024-10-04 14:54:00','2024-11-09 14:59:00',5,0,0,'2024-10-04 14:53:17','2024-10-04 14:53:17',0,0,'0'),(45,'yukachi','ゆかちゃんと遊ぶ会２','2024-11-09 14:53:00','ゆかちゃん','yukachi','おにごっこ','2024-10-04 14:55:00','2024-11-09 14:53:00',6,0,0,'2024-10-04 14:54:08','2024-10-04 14:54:08',0,0,'0');
/*!40000 ALTER TABLE `event` ENABLE KEYS */;
UNLOCK TABLES;

--
-- Table structure for table `event_detail`
--

DROP TABLE IF EXISTS `event_detail`;
/*!40101 SET @saved_cs_client     = @@character_set_client */;
/*!50503 SET character_set_client = utf8mb4 */;
CREATE TABLE `event_detail` (
  `EVENT_ID` int NOT NULL,
  `USER_ID` varchar(45) NOT NULL,
  `DETAIL` text,
  `ENTRY_DATETIME` datetime DEFAULT CURRENT_TIMESTAMP,
  `UPDATE_DATETIME` datetime DEFAULT CURRENT_TIMESTAMP ON UPDATE CURRENT_TIMESTAMP,
  `DELETE_FLG` varchar(45) DEFAULT '0',
  PRIMARY KEY (`EVENT_ID`),
  UNIQUE KEY `EVENT_ID_UNIQUE` (`EVENT_ID`)
) ENGINE=InnoDB DEFAULT CHARSET=utf8mb4 COLLATE=utf8mb4_0900_ai_ci COMMENT='イベント詳細テーブル';
/*!40101 SET character_set_client = @saved_cs_client */;

--
-- Dumping data for table `event_detail`
--

LOCK TABLES `event_detail` WRITE;
/*!40000 ALTER TABLE `event_detail` DISABLE KEYS */;
INSERT INTO `event_detail` VALUES (1,'aaa123','○○で集まる会です','2024-09-18 15:21:36','2024-09-18 15:21:36','0'),(2,'aaa123','今回はこれ','2024-09-18 15:24:11','2024-09-18 15:24:11','0'),(3,'aaa123','いいいいいい','2024-09-18 15:25:30','2024-09-18 15:25:30','0'),(4,'aaa123','大冒険します','2024-09-19 09:00:05','2024-09-19 09:00:05','0'),(5,'123','aa','2024-09-19 15:30:11','2024-09-19 15:30:11','0'),(6,'aaa123','ああ','2024-09-24 09:50:17','2024-09-24 09:50:17','0'),(7,'aaa123','テスト詳細','2024-09-24 13:40:00','2024-09-24 13:40:00','0'),(8,'aaa123','イベント詳細はこんなことです。','2024-09-24 13:46:38','2024-09-24 13:46:38','0'),(9,'aaa123','aaaaaaa','2024-09-24 13:49:19','2024-09-24 13:49:19','0'),(10,'aaa123','イベント詳細テストです','2024-09-24 13:50:58','2024-09-24 13:50:58','0'),(11,'aaa123','飲み物を用意しましょう','2024-09-24 15:19:12','2024-09-24 15:19:12','0'),(12,'aaa123','a','2024-09-24 15:21:06','2024-09-24 15:21:06','0'),(13,'aaa123','a','2024-09-24 15:22:43','2024-09-24 15:22:43','0'),(14,'aaa123','a','2024-09-26 15:15:46','2024-09-26 15:15:46','0'),(15,'aaa123','テスト用のちゃんとしたシナリオを遊びます','2024-09-30 13:33:52','2024-09-30 13:33:52','0'),(16,'aaa123','あああ','2024-09-30 13:34:45','2024-09-30 13:34:45','0'),(17,'aaa123','ありがとうございます。','2024-09-30 13:53:55','2024-09-30 13:53:55','0'),(18,'aaa123','ありがとうござい','2024-09-30 13:54:55','2024-09-30 13:54:55','0'),(35,'123','怖い話','2024-10-01 14:42:16','2024-10-01 14:42:16','0'),(36,'123','ああ','2024-10-01 14:43:23','2024-10-01 14:43:23','0'),(37,'test2','こういう内容です。','2024-10-02 15:26:15','2024-10-02 15:26:15','0'),(38,'test2','新しいイベント','2024-10-02 15:27:03','2024-10-02 15:27:03','0'),(39,'aaa123','あ','2024-10-03 09:15:36','2024-10-03 09:15:36','0'),(40,'123','あ','2024-10-03 09:16:08','2024-10-03 09:16:08','0'),(41,'aaa123','a','2024-10-03 09:27:32','2024-10-03 09:27:32','0'),(42,'aaa123','a','2024-10-03 09:27:59','2024-10-03 09:27:59','0'),(43,'aaa123','a','2024-10-03 09:28:17','2024-10-03 09:28:17','0'),(44,'yukachi','しりとりで遊びます\r\n集まれ！','2024-10-04 14:53:17','2024-10-04 14:53:17','0'),(45,'yukachi','おにごっこで遊びます。\r\nけがに気を付けましょう。','2024-10-04 14:54:08','2024-10-04 14:54:08','0');
/*!40000 ALTER TABLE `event_detail` ENABLE KEYS */;
UNLOCK TABLES;

--
-- Table structure for table `follows`
--

DROP TABLE IF EXISTS `follows`;
/*!40101 SET @saved_cs_client     = @@character_set_client */;
/*!50503 SET character_set_client = utf8mb4 */;
CREATE TABLE `follows` (
  `id` int NOT NULL AUTO_INCREMENT,
  `USER_ID` varchar(20) NOT NULL,
  `FOLLOWS_ID` varchar(20) NOT NULL,
  `ENTRY_DATETIME` datetime DEFAULT CURRENT_TIMESTAMP,
  `UPDATE_DATETIME` datetime DEFAULT CURRENT_TIMESTAMP ON UPDATE CURRENT_TIMESTAMP,
  `DELETE_FLG` tinyint DEFAULT '0',
  PRIMARY KEY (`id`)
) ENGINE=InnoDB AUTO_INCREMENT=2 DEFAULT CHARSET=utf8mb4 COLLATE=utf8mb4_0900_ai_ci COMMENT='フォロー・フォロワー関係を管理するテーブル';
/*!40101 SET character_set_client = @saved_cs_client */;

--
-- Dumping data for table `follows`
--

LOCK TABLES `follows` WRITE;
/*!40000 ALTER TABLE `follows` DISABLE KEYS */;
INSERT INTO `follows` VALUES (1,'aaa123','123','2024-10-01 15:11:43','2024-10-01 15:11:43',0);
/*!40000 ALTER TABLE `follows` ENABLE KEYS */;
UNLOCK TABLES;

--
-- Table structure for table `pre_user`
--

DROP TABLE IF EXISTS `pre_user`;
/*!40101 SET @saved_cs_client     = @@character_set_client */;
/*!50503 SET character_set_client = utf8mb4 */;
CREATE TABLE `pre_user` (
  `ID` int NOT NULL AUTO_INCREMENT,
  `EMAIL` varchar(254) NOT NULL,
  `TOKEN` varchar(254) NOT NULL,
  `ENABLED` tinyint DEFAULT NULL,
  `EXPIRES_AT` timestamp NULL DEFAULT NULL,
  `ENTRY_DATETIME` datetime DEFAULT CURRENT_TIMESTAMP,
  `UPDATE_DATETIME` datetime DEFAULT CURRENT_TIMESTAMP ON UPDATE CURRENT_TIMESTAMP,
  `DELETE_FLG` tinyint DEFAULT '0',
  PRIMARY KEY (`ID`)
) ENGINE=InnoDB AUTO_INCREMENT=16 DEFAULT CHARSET=utf8mb4 COLLATE=utf8mb4_0900_ai_ci;
/*!40101 SET character_set_client = @saved_cs_client */;

--
-- Dumping data for table `pre_user`
--

LOCK TABLES `pre_user` WRITE;
/*!40000 ALTER TABLE `pre_user` DISABLE KEYS */;
INSERT INTO `pre_user` VALUES (1,'abcd@gmail.com','f0810ad7-733f-46d5-9852-a75ebafe4dbd',0,'2024-09-13 05:49:11','2024-09-13 14:19:10','2024-09-13 14:19:10',0),(2,'abcd@gmail.com','cb2eec10-943e-497c-896e-7ee2aaeb31b5',0,'2024-09-13 05:50:35','2024-09-13 14:20:34','2024-09-13 14:20:34',0),(3,'donguri@ezweb.ne.jp','b24164ac-8c6b-4098-b410-f208ab99ff82',0,'2024-09-13 05:56:45','2024-09-13 14:26:45','2024-09-13 14:26:45',0),(4,'elecoms17@yahoo.co.jp','98e9acff-40ab-4e38-b9ba-fc3fa59522f6',0,'2024-09-13 06:47:52','2024-09-13 15:17:51','2024-09-13 15:17:51',0),(5,'abcd@gmail.com','2708e477-60cd-478f-af73-5db45e90996c',0,'2024-09-13 06:48:58','2024-09-13 15:18:57','2024-09-13 15:18:57',0),(6,'','283527a2-aeec-497a-8eed-5d42ccee4f36',0,'2024-09-13 06:53:21','2024-09-13 15:23:20','2024-09-13 15:23:20',0),(7,'abcd@gmail.com','5d6c08db-7282-4017-b336-7cfbc98e9fb7',0,'2024-09-17 00:49:05','2024-09-17 09:19:05','2024-09-17 09:19:05',0),(8,'abcd@gmail.com','0efa34cc-bb74-40d9-9035-2a9211e01efc',0,'2024-09-17 00:51:49','2024-09-17 09:21:49','2024-09-17 09:21:49',0),(9,'abcd@gmail.com','58fe203d-30c0-45c8-b544-93877653b229',0,'2024-09-19 05:51:06','2024-09-19 14:21:05','2024-09-19 14:21:05',0),(10,'abcd@gmail.com','4b05907a-a138-4ce6-9022-e8755d0539cd',0,'2024-09-19 05:53:30','2024-09-19 14:23:29','2024-09-19 14:23:29',0),(11,'abcd@gmail.com','dbc48938-c393-4ccb-9162-fabab94a788a',0,'2024-10-02 05:38:06','2024-10-02 14:08:06','2024-10-02 14:08:06',0),(12,'','a6009b39-5a97-4c55-85a7-9efbd9fcab84',0,'2024-10-02 05:41:21','2024-10-02 14:11:21','2024-10-02 14:11:21',0),(13,'','04c6bff8-b6d3-43bb-a309-3389870e7afb',0,'2024-10-02 05:50:38','2024-10-02 14:20:37','2024-10-02 14:20:37',0),(14,'elecoms17@yahoo.co.jp','b1dea2ab-4484-4c8a-a637-997552e3252d',0,'2024-10-02 06:51:20','2024-10-02 15:21:20','2024-10-02 15:21:20',0),(15,'','c5c8eab7-d322-41de-8c74-6862acc85e4a',0,'2024-10-04 06:15:55','2024-10-04 14:45:54','2024-10-04 14:45:54',0);
/*!40000 ALTER TABLE `pre_user` ENABLE KEYS */;
UNLOCK TABLES;

--
-- Table structure for table `profile`
--

DROP TABLE IF EXISTS `profile`;
/*!40101 SET @saved_cs_client     = @@character_set_client */;
/*!50503 SET character_set_client = utf8mb4 */;
CREATE TABLE `profile` (
  `USER_ID` varchar(45) NOT NULL,
  `IMAGE_PATH` varchar(255) DEFAULT NULL,
  `TEXT` varchar(255) DEFAULT NULL,
  `ENTRY_DATETIME` datetime DEFAULT CURRENT_TIMESTAMP,
  `UPDATE_DATETIME` datetime DEFAULT CURRENT_TIMESTAMP ON UPDATE CURRENT_TIMESTAMP,
  `DELETE_FLG` tinyint DEFAULT '0',
  `BASE64_DATA` text,
  `IMG_FILE_TYPE` varchar(45) DEFAULT NULL,
  PRIMARY KEY (`USER_ID`),
  UNIQUE KEY `USER_ID_UNIQUE` (`USER_ID`)
) ENGINE=InnoDB DEFAULT CHARSET=utf8mb4 COLLATE=utf8mb4_0900_ai_ci COMMENT='プロフィール情報テーブル';
/*!40101 SET character_set_client = @saved_cs_client */;

--
-- Dumping data for table `profile`
--

LOCK TABLES `profile` WRITE;
/*!40000 ALTER TABLE `profile` DISABLE KEYS */;
INSERT INTO `profile` VALUES ('123','1/4_mini_obake.png','新しい本文','2024-09-19 14:24:36','2024-09-27 13:39:32',0,'iVBORw0KGgoAAAANSUhEUgAAACsAAAAmCAYAAABdw2IeAAAAAXNSR0IArs4c6QAAAARnQU1BAACxjwv8YQUAAAAJcEhZcwAADsMAAA7DAcdvqGQAAAEeSURBVFhH7dBbrsMgDATQ7H9bWVirwePEjUjKY6D94EiWbomZQXdb/tCrcH4uPeQb3+NMV/TIHL+LkBmaH+o8A2EjdT808jwEj8AaHWRy5FihhVyL10mhIzBbitF6yLYKHUafcBYnp2JHitEnnMXJqdiRYvQJZ3FyKnakGH3Cmc+duHO3x29SjNZDtlXoMFoP2Vahw+hn2PMpxX0pRj/D3r7v67E1GP0Mez6luC/FaD1kW4UOo/WQbRUaKXAU5sswdhx0WFU/Ro6DDqvqk4JGY083xo2HLqtsM+W/6tjXjDFzoM9q2zCmDe7n5g6/N2NMPdzlXHHjE845zVJA5Ge5by58v3Pc9b853Y5g4O/Iz65Toma3WHyEPHxZqm3bG7k6ulvJxrRvAAAAAElFTkSuQmCC','png'),('aaa123','1/1_person_4_off.png','本文です','2024-09-20 08:55:57','2024-10-03 10:10:33',0,'iVBORw0KGgoAAAANSUhEUgAAAyAAAAJYCAYAAACadoJwAAAvFklEQVR4Xu3dK1Qk2dao7ZYtkSWRSCQSWRKJRCJL4pBIJBKJRCKRSCSyZEm2689xxqRPZC9mJpdMVqy45POM8Y5/f/vvXdQho2PFzLj99QIAANDIX/m/AAAA6IsBBAAAaMYAAgAANGMAAQAAmjGAAAAAzRhAAACAZgwgAABAMwYQAACgGQMIAADQjAEEAABoxgACAAA0YwABAACaMYAAAADNGEAAAIBmDCAAAEAzBhAAAKAZAwgAANCMAQQAAGjGAAIAADRjAAEAAJoxgAAAAM0YQAAAgGYMIAAAQDMGEAAAoBkDCAAA0IwBBAAAaMYAAgAANGMAAQAAmjGAAAAAzRhAAACAZgwgAABAMwYQAACgGQMIAADQjAEEAABoxgACAAA0YwABAACaMYAAAADNGEAAAIBmDCAAAEAzBhAAAKAZAwgAANCMAQQAAGjGAAIAADRjAAEAAJoxgAAAAM0YQAAAgGYMIAAAQDMGEAAAoBkDCAAA0IwBBAAAaMYAAgAANGMAAQAAmjGAAAAAzRhAAACAZgwgAABAMwYQAACgGQMIAADQjAEEAABoxgACAAA0YwABAACaMYAAAADNGEAAAIBmDCAAAEAzBhAAAKAZAwgAANCMAQQAAGjGAAIAADRjAAEAAJoxgAAAAM0YQAAAgGYMIAAAQDMGEAAAoBkDCAAA0IwBBAAAaMYAAgAANGMAAQAAmjGAAAAAzRhAAACAZgwgAABAMwYQAACgGQMIAADQjAEEAABoxgACAAA0YwABAACaMYAAAADNGEAAAIBmDCAAAEAzBhAAAKAZAwgAANCMAQQAAGjGAAIAADRjAAEAAJoxgAAAAM0YQAAAgGYMIAAAQDMGEAAAoBkDCAAA0IwBBAAAaMYAAgAANGMAAQAAmjGAAAAAzRhAAACAZgwgAABAMwYQAACgGQMIAADQjAEEAABoxgACAAA0YwABAACaMYAAAADNGEAAAIBmDCAAAEAzBhAAAKAZAwgAANCMAQQAAGjGAAIAADRjAAEAAJoxgAAAAM0YQAAAgGYMIAAAQDMGEAAAoBkDCAAA0IwBBAAAaMYAAgAANGMAAQAAmjGAAAAAzRhAAACAZgwgAABAMwYQAACgGQMIAADQjAEEAABoxgACAAA0YwABAACaMYAAAADNGEAAAIBmDCAAAEAzBhAAAKAZAwgAANCMAQQAAGjGAAIAADRjAAEAAJoxgAAAAM0YQAAAgGYMIAAAQDMGEAAAoBkDCAAA0IwBBOCLnp+fX87Pz192d3df/vrrLzUufu+/fv16+fPnT/5oAJgQAwjAJ7rBY2dnZ+mgWO37+++/DSIAE2YAAfj/fv/+/XJ9ff1ycnLiLMcEikHk+Pj45erq6uXp6Sl/nACMlAEE2FqPj4+v36SvM2zEPxtDyv+9/E+Nu729fdnf31/6TLp+/Pjx8vPnz9ezVXd3d86QAIyUAQSYtVpnNQwe4+mzQWRV7h8BGA8DCDBLcVnOugNHXNIT36BfXFy8PDw8LB34alzFGazLy8uXo6OjL9+f4/4RgOEZQIBZibMUXx084pKd09PTl/v7+6WDW02vGEji848B4/DwcOnzzoPI2dnZyz///JM3IQB6ZgABZiOu/V91oOmsht67bOvg4OD1Mj0A2jGAAJMXj8mNb73zwWU8ISm+4c4Ho9reVg0icflW/PcAtGEAASbpo0ut4oyHwUMfteps2XvFduZxvwD1GECASflo8DB8aJ3i3p+4DyhvQ58V/xsDCcDmDCDAaHVvIP9o4OjymFxtUjwN67Mb1j/L+0cA1mMAAUYpvl3+7NGq7vFQizZ53G8MJR73C7CaAQQYnc+uzzd4aMjWGUi8dwRgmQEEGI1V93e4tEpj7yvvH4lBJN45454RAAMIMBKrznq4oVxTbdXjfrvi3SMxsHgJIrCtDCDAoOLb45OTk6WDNJdZaQ59NIjE5VuepgVsIwMIMIg46MqXW0XOemiOPTw8vA7acSlW3uZXFf9uuGQLmCsDCNDcqsutDB/ahuLR0jF87+3tLW3/7+WSLWBuDCBAM3HwFTfqlgdX8bjS+KY3XgqXD9akObfO07Si+Gc8UQuYAwMI0Kvfv3+/fnsbl5/kgyxnPKTVfXTJVvx3MbTEmcQY3GOwB5gSAwjQi/fu8TB8SF/vq5dsxb9rzo4AU2EAAapadZlVPlDyXg9p/T56olb+d+zm5ib/qwkwGgYQ4NtWvUCwKy4XibMdFxcXr5eV5IMqSev1lRcfRnF5FsAYGUCAb3nviVaRy6ykNq06OxJfCnhyFjBGBhBgY+8NHy6zkoYp7gEpH/YQT5gDGBsDCLC2Vfd5ONshjaMY/st/N2MIcXM6MCYGEGAt8UQej9OVxl08prf8dzTuxfKULGAsDCDAl6265MrwIY2v+HcyDyFdcYlkfJEAMBQDCPCpVZdcuc9DGn+rbk7vii8UAIZgAAHeFYNHHKS45Eqadu8NIoYQYAgGEGCleJFZHjwMH9K0i393499hQwgwJAMIsCRedBY3rZYHKS65kuaRIQQYmgEEeCMOTspLNQwe0vwyhABDMoAAb5ydnS0OSOIsyNPT09LBi6TpZwgBhmIAARbK4SO6uLhYOmiRNJ8MIcAQDCDA61mOg4ODNwchcVCSD1YkzS9DCNCaAQS2XDztKt9w7klX0nZlCAFaMoDAFvvz58+b4SP+s8uupO3MEAK0YgCBLVa+3Xxvb88N59KWZwgBWjCAwJbKZz/iTcn5YETS9mUIAfpmAIEtdXp6uji4iPd+5IMQSdubIQTokwEEtlAcSJQHFs5+SMoZQoC+GEBgy+Thw+N2Jb2XIQTogwEEtsiq4cPjdiV9lCEEqM0AAlvi6urK8CFpowwhQE0GENgCcfCws7Nj+JC0cYYQoBYDCGyB6+vrxQHD7u6u4UPSRhlCgBoMILAFDg4OFgcL3nQu6TsZQoDvMoDAzD0+Pi4OEuLFg/ECwnxAIUnrZAgBvsMAAjNXvnDw6Oho6UBCkjbJEAJsygACM5Yfu3t3d7d0ECFJm2YIATZhAIGZysOHFw5K6iNDCLAuAwjM0Krhw5OvJPWVIQRYhwEEZsYLByUNkSEE+CoDCMxIPOEqnnRl+JA0RIYQ4CsMIDAjv379Wiz6+/v7hg9JzTOEAJ8xgMBM5LMft7e3SwcGktQiQwjwEQMIzES846M8+5EPCCSpZYYQ4D0GEJiBeL9Hucg/PDwsHQxIUusMIcAqBhCYuFjg9/b2Fov7ycnJ0kGAJA2VIQTIDCAwYc/Pzy+np6eLRX1nZ+f1XpB8ACBJQ2YIAUoGEJiouOwqBo5yQb+8vFxa+CVpDBlCgI4BBCYoP/EqioU9L/iSNKYMIUAwgMAEle/7+PHjx8v19fXSQi9JY8wQAhhAYIJi6OgWbu/7kDS1Vg0h8UUKsB0MIDAx9/f3iwV7d3d3aWGXpCmUh5C4rPTp6Snv8oAZMoDAxJRPvTo7O1ta1CVpKsWT/OKLlG6fFo8Uj8EEmDcDCExMefmVFw5KmnqxHysfqhHvMgLmzQACE1NeM50XckmaYvEI8XLfFo8ZB+bLAAITEQtyeamCAUTSnDo6Olrs2+JMb1yeBcyTAQQmorz0Kjo+Pl5awCVpqsX7jcr9nEuxYL4MIDARefiIGzXzAi5JU+7m5ubNvi4eMw7MjwEEJuDx8XGxIO/s7Cwt2pI0l+ILlnJ/59G8MD8GEJiA8gbNuE46L9iSNJc8mhfmzwACE1C+rCuGkbxgS9Kcyo/mjbMiwHwYQGDkrq6u3lwTHZdj5cVakuZWfjRvnP31ZCyYBwMIjFz5VJg4E5IXaUmaa+X9IN3lWO4JgekzgMDIlYuvJ19J2rbOz8/f7AfjxnRPx4JpM4DAiOVLEPLCLEnbUAwcMXiU+8OLi4u8ywQmwgACIxX3euSbMPOiLEnbUlx6FZdglUPI/f193nUCE2AAgRGKS6329/cXi+zBwYHLryRtfXET+uHh4WLfGI/r9YhemB4DCIxQec1znAWJb/7yQixJ29ifP3/eXI51enqad6HAyBlAYITKJ1/Fdc55AZakbe76+vrNpVjxpQ0wHQYQGKFyYc0LryTpf6/vBTGEwDQZQGCEDCCS9HFx70e8G8kQAtNjAIGRieubDSCS9HmGEJgmAwiMzK9fvxYLaTwJKy+4kqT/WjWExGPMgfEygMDIlDegx8u38mIrSXpbDCHl43nj/hBgvAwgMCLxrV23gMZjJvMiK0laXbn/dBYExs0AAiNyeXn55hu8vMBKkt6vfDKWsyAwXgYQGJFy8YxhJC+ukqT3cxYEpsEAAiMRT7+Kt56XC2deXCVJH+csCIyfAQRGwtOvJOn75bMg9/f3eXcLDMwAAiOQz354+pUkbd7Jyclif7q7u/v6lCxgPAwgMALOfkhSveJLnfKR5qenp3m3CwzIAAIj4N0fklS3m5ubN5dixb4VGAcDCIxAuUjmRVSStFnHx8eLfWu8W+np6SnvfoEBGEBgYHFtsgFEkur3/Pz8eg9It3/d29tzPwiMgAEEBnZ9fb1YHGOhzAuoJGnzHh4e3jzkI25QB4ZlAIGBHRwcLBbGi4uLpcVTkvS94sWu5Znmu7u7vCsGGjKAwIDK59XHN3Tx5Ja8cEqSvl/5gsJ48EdcngUMwwACAyofvxuLY14wJUl1yo/mdSkWDMcAAgOKp7KUlwTkBVOSVK/8aN7z8/O8WwYaMIDAgMqFMC+UkqT6lY/mNYTAMAwgMCADiCS1LR7D+/Pnzzf733gACNCOAQQGZACRpPatGkJ+//6dd9FATwwgMCADiCQNUwwh+/v7i31wvJMJaMMAAgO5v783gEjSgMX9H90+2FOxoB0DCAwgTvWXj4OMSwHywihJ6rfyi6Dd3d3XsyJA/wwg0FgscOXbz2MQ8QJCSWpf7I/jJbDd/jj2ze4Fgf4ZQKCxOM3fLXax8D08PCwtipKkNpUvhI3i/Uy3t7d51w1UZACBhq6urt4sdPF/58VQktS28l6QLu8Hgf4YQKCRuMyqPNV/enq6tAhKkoYp7gcp782LHh8f864cqMAAAo2Up/nj0Y9x7XFeACVJwxVfFJX36MUXRUB9BhBoIJ/9iOuL88InSRq+2D93++rYb8f+G6jLAAIN5LMfecGTJI2nvb29xT778vIy79KBbzKAQM+c/ZCkaRVDR7fPjvtCgLoMINAzZz8kaVrl94N4LC/UZQCBHsU7PvIilhc6SdL4Kr88Ojw8zLt34BsMINCT5+fnl93dXWc/JGmCPT09LfbfUezTgToMINCTo6OjxcIVZ0FiMcsLnCRpvJWP5I0z2kAdBhDoQXkDY3R9fb20sEmSxl28B6Tbj19dXeVdPbAhAwj0YGdnZ7FonZycLC1qkqTxV36ZFPeEAHUYQKCy+/v7xYIVg4g3nkvSNLu7u1vsz3/+/Jl398CGDCBQ2fn5ubMfkjSD4j1O3f7c+0CgHgMIVBZPu3LvhyTNo/KS2tinA99nAIGKym/LonhsY17MJEnTKc5kd/v07omGwPcYQKCi+HasW6ji8Y15IZMkTav8Tqe9vb3Xe/uAzRlAoKLj4+PFIhX3guSFTJI0veIdIHH2o9u/x1kRYHMGEKgkLr8qF6hYsPIiJkmaZvn9To+Pj3kZAL7IAAKVlG8+jxvR8+IlSZp28Sjebj8fLykENmMAgQrKZ8U7+6Ftqtzuc/mflabe7e3tYvuOM95x5htYnwEEviluRoybErtFybs/NOfykLFO+c+Spli5v4/LsoD1GUDgm87OzhaLUTwvPr4RywuWNPXyMPGd8p8tTanyXhAvJ4TNGEDgG8q3nkexMOXFSpp6eYCoUf4Z0lSKs97lA0fisixgPQYQ2FAePuLmxLxQ6f3yAemq8v9G7cufSc3yz5Km0q9fvxbb8eHhYV4egE8YQGADq4aP+FYsL1J6Wz4AXaf8Z6n/8mewqo/kf/a98s+Vxl68Db3chn///p03f+ADH68ewJKrq6s3C4/h4/PyAed3yn+26pd/56taR/7frir/HaSxF2c+uu33+vo6b/bAB9ZbRWDLxQ3mcaN5t+gYPj4uH2TWLP8s1Sv/rsu+I/9ZPk9NufJMuDejw3q+t5rAlokXT3ULTrxs0PDxfvkAs4/yz9T3y7/jshryn+nz1FS7v79fbLu7u7t5Uwc+UGdFgS3w+Pj45mDJywZXlw8qP+oj+Z/9qPx30Gbl32tZbfnP91lqauWnYbkPBL6u/qoCM3VwcLBYaI6OjpYWI/1bPqDMbSL/GavKfw+tX/6dfucz+0z+GT5HTTH3gcBm+llZYGbiOe/dIhPfeHnZ4OrywWRZDfnPLMt/F61X/n3W/Nzek3+Wz1JTy30gsJl+VxeYgTjNHm+77RaZePN5XoT0/gFsVFP+s8vy30lfL/8ua39u78k/0+eoKeU+ENhMmxUGJqz8hisGETeeL5cPIFscwOaf5eB18/LvsMXn18k/0+eoKZXvA4l7BYHPtVlhYKLiZVPl4hLX+OYFSMMcwOaf5cB18/LvsO/PLss/2+eoKRX3BHbbbTyaHfhc21UGJqa88Tz+c154tPrgtdUBbP6ZDl43K//+Wn1+nfyzfYaaUvmLqrhnEPhY21UGJuTi4mKxoMTiEotMXng0zoNXB7DrlX93PkNpvX79+rXYbuMdUcDH2q4yMBH5G60YRvKCo9UHrg5ep1X+vbX+/Dr57+Az1JSKJyPu7Owstt3Ly8u8iQOFYVYaGLny2e4uvXq/fMDo4HV65d+bz1DarBg6um23e2AJsNowKw2M2NXV1WIRcenVx+UDRgev0yv/3nyG0matemQ7sNowKw2MVJxGd+nV18oHi0MevIb893AA+7Xy72yozzD/HXx+mmKrXloLLBtmpYGRyjcS5sVF/5UPFoc6cO3kv4sD2K+Vf2dDfY757+Dz01SLtaPbhr0dHVYbZqWBEcpnP+KbrLyw6L/yweJQB66d/HdxAPu18u9sqM8x/x18fppqDw8Pb7Zjj+WFZcOsNDBCzn6sVz5YHOrAtZP/Lg5gv1b+nQ31Oea/g89PU+74+HixHcfTsX7//p03edhqw6w0MDLOfqxfPlgc6sC1k/8uDmC/Vv6dDfU55r+Dz09T7vn5+WV3d3exLcfTFD0VC/4zzEoDI+Psx/rlg8WhDlw7+e/iAPbr5d9b688y/2yfn+ZQXIpVfrEV6wzwr7arDIzQ4+Ojsx8blA8WWx+0Zvnv4gD26+XfW+vPMv9sn53mUvlukMj9IPCvtqsMjMzd3d2b57Z76eDXyweMrQ9as/x3cRD79fLvrfVnmX+2z05z6ujoaLFdd++Wgm3XdpWBkSmHDy8dXL980Nj6wLWT/w4OYtcr/95afpb5Z/rsNLfy/SB7e3vuB2HrtVlhYKTKAx4vHVy/fNDY6qA1y38HB7Drl39/rT7L/DN9dppj+X4Q7wdh27VZYWCkHPR8r3zg2PLAtZR/vs9z/fLvr8VnmX+Wz05zLt8P4tG8bLN+VxcYobjvozwd7qDne+XfY9RS/tk+z83Lv8M+P8/8M3xu2oYODw8X2/r5+Xn+1wK2Rj8rC4xYed+HA5/vl3+PXS3kn+mz/F7599jnZ5l/hs9O29DNzc1iW48vwmBb9bOywIjlAx4HPt8v/y67+pR/ls+yTvl32cfnmf9cn5u2pbj5PN6M3m3zcW8IbKN6KwpMRD7ocfDz/fLvsqtP+Wf5HOuVf6e1PtP8Z/nctI3FDejddn96epr/NYGt8L3VBCaoPOgpn0qSFwmtVz6gLKsp/9ll+e+kzcq/19wm8p+Ry38Haa7d398vtvs4G+KRvGyjzVYSmLDyoCcevRv/3/gWKi8SWr98UFlWQ/4zy/LfRd8r/37f6yP5n32v/LOluVc+CMXb0dlGH68eMEMOfPorH1iuahP5z1hV/ruoTvn3XLv886Rt6OzsbPHvQLwpHbbNZkcDMGEOfvotH2B+1EfyP/tR+e+guuXfd43yz5C2qaenp8W/C3EpcLwtHbbJx0cAMEMOgtqUDzj7KP9M9Vf+3X+n/GdL29jBwcHi34mrq6u8VMGsGUDYOg6E2pUPPGuWf5balD+Hdcp/lrTNlW9Gj2EEtokBhK0Sb551QNS+fCD6nfKfreHKn82q8v9G0r/9+fPnzZMY4+lYsC0MIGyNOMVdHhgdHx8vLQjqt3xwuk75z5KkqRfrULeP29vb80hetoYBhK3x48ePxY7+58+frzv6vBioXXnAWFX+30jSnIqzIOWb0eMsPWwDAwhbozywNXxIksZQeXY+LsmKJ2TB3BlA2ArxiEPfrEuSxlj5RKzDw8O8hMHsGECYvXjLbHmK2wAiSRpTj4+Pb25Iv76+zksZzIoBhNkr7/2I4v6PvPOXJGnIyrejx7oV94fAXBlAmL1y+IhvlfJOX5KkoYt7E3d3dxfr1cnJSV7OYDYMIMyeS68kSVPo7u7uzZrl3SDMlQGE2TOASJKmUvlukP39fe8GYZYMIMyeAUSSNJXyG9IvLy/zsgaTZwBh9gwgkqQpFUNHt27FMOKGdObGAMLsGUAkSVMqLruKy6+6tSsuy4I5MYAwewYQSdLUihvQy/Xr4eEhL28wWQYQZs8AIkmaYvmGdJgLAwizFm+XNYBIkqZYviH95uYmL3MwSQYQZitfQ3t4eLi0c5ckacydn58v1rF4Q7rH8jIHBhBmq9xpxzdIT09PSzt2SZLGXAwcMXh061msbTB1BhBmq9xhX1xcLO3UJUmaQre3t2++UPNYXqbOAMJsdTvrKO/Mpbu7u9fL8q6vr5f+/0nS2Do4OFisaScnJ3nJg0kxgDBbBhB9VHmGbMh2d3dfrq6ulv5+klSWH6oS/zdMlQGEWSrv/4jyjlzKg8AYimHEGRlJ73V0dLTYX8R/hqkygDA78W1yeVAXz1HPO3EpH/yPLcOIpJyzIMyFAYTZKS+t+fnz5+sTRPJOXMoH/EOIbTOu5c5/l6642TT/vSVtd86CMAfDrLrQk/LboZ2dHcOH3q080D89Pc2bUnPxpLY8gET57y1pu8tnQe7v7/PuBEbPAMKslJdfxTdDecctdZUL+NgYQCR9VHnmNC7X9HJCpmZ8Ky98Q7lTvry8XNppS11xeVO3rcTZhzExgEj6qHgPSHm58RjO4sI6DCDMSrlDjtPUeactdf369WuxrcQwMiYGEEmfdXNz82ZfMbYvUuAjBhBmI66D7XbEcUo676ylsrhkoTwLEo9uHgsDiKSvFE95HOsXKfARAwizEaegux3x2dnZ0o5aypVnQaLYhuLShqEZQCR9pfgipdxfwFTYWpmFOGgsv81+eHhY2lFLuVi841HN5QIe29HQlzIYQCR9tXLt814QpsIAwiyU32Tv7+8v7aCl94ohpHyufteQQ4gBRNJXKy/D8l4QpsIAwiyUN5/f3t4u7aClz4rtJobX8uA/7iWKRzu3ZgCR9NW8F4QpMoAwCw7YVKN8Y3pX6/tCbM+S1qk8CxJfpHgvCGNnAGHy7u7uHLCpWqveSN76LIjtWdI65fsg4z1YMGYGECavvPzKAZtqdX19/Wa7ank5lu1Z0rrF0NHtN2IYaX3mFtZhAGHyyoO1eIxq3ilLm/T8/Lzycqw+3xcSPzP+fAOIpHWLy67K+9jisiwYKwMIk+dgTX1VvlumbNOzIXGzaDyxLf73+c98r/x3kqT3Kl/IG3ksL2NlAGHSvP1cLVr1vpAWOaMnad3Kx4p7LC9jZQBh0k5OThY7Wm8/V5/FEFJub30Vg3Tcf5J/viR9pfxYXhgjWyaTFZfAlDtZbz9Xi74ziMQDE+KsRpy5y3+uJNWq3O/AGNkymazy6VdxeUzeAUuStI0ZQBg7WyaTVe5g41vpvAOWJGkbM4AwdrZMJsmjSiVJWp0BhLGzZTI5+d6PeNZ53vlKkrStle8wiodawNgYQJiUeLNruWONez9cfiVJ0n+VD8qINfPp6SkvpzAoAwiTEi9x63aq8cZXw4ckSW97fn5+88LTvb291/USxsIAwmTksx+3t7dLO11JkvS/10fTl2tmnBWBsTCAMBn57Efe2UqSpP+6vLxcrJtRfJEHY2AAYTLK9344+yFJ0ucdHh4u1s54iAuMgQGESYg3R3c70LiuNe9gJUnScvEUrG79jGEExsAAwiScnp4udqBnZ2dLO1hJkrRc3JBe3gviMizGwADCJJSXX8WNdXkHK0mSVhePrHcZFmNiAGH0Hh8fFzvOKO9YJUnS+7kMi7ExgDBq8dzyeOJVuePMO1ZJkvR++TKsuK8ShmQAYdTOz88XO8zuba55xypJkj7u6OhosZ7Gw1y8mJAhGUAYtfLej4uLi6UdqiRJ+ry4+XxnZ2expsbDXWAoBhBGrdtRRnlnKkmSvl55L4hLsRiSAYRRM4BIklSv8olYLsViKAYQRs0AIklSvVyKxRgYQBgtj9+VJKl++VIsLyekNQMIo+Txu5Ik9Vesq90a6+WEtGYAYZTOzs4WO0aP35UkqW5eTsiQDCCMTvnuj8jjdyVJqlu8nLBca6ElWxyjEqeByx1iPK0j7zQlSdL3K9+OHvddQisGEEalfPFgDB9xL0jeYUqSpO93fHy8WHPjTenQigGEUSnPfhg+JEnqr/y0SWdBaMUAwqiUO8K8o5QkSXWLMx/OgtCaAYRRMYBIktSufBYEWrClMRr39/eLHeDu7u7STlKSJNXPAEJrtjRG4+TkZLEDjPeA5B2kJEmqnwGE1mxpjEJ+/O7Dw8PSDlKSJNXPAEJrtjRGIT9+N+8cJUlSPxlAaM2WxuDKG+B2dnY8fleSpIYZQGjNlsbgysuv4hGAeccoSZL6ywBCa7Y0BlfefH55ebm0Y5QkSf1lAKE1WxqDK+//iMux8o5RkiT1199//71Yh6+vr/MyDdUZQBiUd39IkjRs5ZUIMYw8PT3l5RqqMoAwKO/+kCRp2J6fn1+/BOzW4729vdcHwkBfDCAM5vz8/M11p979IUnSMMUaXF6KFV8QQl8MIAwiv3jQuz8kSRq2eBBMeSkW9MUAwiDyiwe9+0OSpOErvxyEvti6GES5gzN8SJI0jsrLsNyMTl8MIAyiHEDyzk+SJA1TvBC4W59//fqVl2+owgDCIAwgkiSNr9vb28X6HJdLexoWfTCAMAgDiCRJ46y8T/Pm5iYv4fBtBhAGYQCRJGmclY/JPzw8zEs4fJsBhKbihraDg4PFji1udss7PkmSNFx//vx580Xh4+NjXs7hWwwgNHN3d/fm6RpR3OCWd3ySJGnYypvR4z9DTQYQmtnb23tz5uPi4mJphydJkoYvznqUXxhCTbYomil3ZHEpVt7ZSZKk8WQAoS+2KJopd2R5JydJksaVAYS+2KJoxgAiSdJ0MoDQF1sUTZSP9DOASJI0/gwg9MUWRe+urq7e7MSOj4+XdnKSJGlclU+u9CheajKA0Lvyjao/f/58+eeff5Z2cpIkaVzFF4bd+u1RvNRkAKFX+TF+hg9JkqZRXsOdBaEWAwi9iWFjf39/seM6PDxc2rlJkqTx5oWE9MEAQm/KG8/jOlLv/pAkaVrlsyBQgy2J3pT3fnjruSRJ08wAQm22JHpRfmOys7OztDOTJEnTyABCbbYkenF5ebnYWcU1o3lnJkmSppEBhNpsSfSivGkthpG8M5MkSdPIAEJttiSqi8uv8suL8s5MkiRNIwMItdmSqCo/evfg4GBpRyZJkqaTAYTabElU5dG7kiTNKwMItdmSqMqjdyVJmlcGEGqzJVGNR+9KkjS/DCDUZkuiGo/elSRpfhlAqM2WRDUevStJ0vwygFCbLYlq4rKrbgfl0buSJM0jAwi12ZKoptxB5Z2XJEmaZgYQarMlUY0BRJKk+WUAoTZbEtUYQCRJml8GEGqzJVGNAUSSpPllAKE2WxLVGEAkSZpfBhBqsyVRjQFEkqT5ZQChNlsS1RhAJEmaXwYQarMlUY0BRJKk+WUAoTZbEtUYQCRJml8GEGqzJVGNAUSSpPllAKE2WxLVGEAkSZpfBhBqsyVRjQFEkqT5ZQChNlsS1RhAJEmaXwYQarMlUY0BRJKk+WUAoTZbEtUYQCRJml8GEGqzJVGNAUSSpPllAKE2WxLVGEAkSZpfBhBqsyVRjQFEkqT5ZQChNlsS1RhAJEmaXwYQarMlUY0BRJKk+WUAoTZbEtUYQCRJml8GEGqzJVGNAUSSpPllAKE2WxLVGEAkSZpfBhBqsyVRjQFEkqT5ZQChNlsS1RhAJEmaXwYQarMlUY0BRJKk+WUAoTZbEtUYQCRJml8GEGqzJVGNAUSSpPllAKE2WxLVGEAkSZpfBhBqsyVRjQFEkqT5ZQChNlsS1RhAJEmaXwYQarMlUY0BRJKk+WUAoTZbEtUYQCRJml8GEGqzJVGNAUSSpPllAKE2WxLVGEAkSZpfBhBqsyVRjQFEkqT5ZQChNlsS1RhAJEmaXwYQarMlUY0BRJKk+WUAoTZbEtUYQCRJml8GEGqzJVGNAUSSpPllAKE2WxLVGEAkSZpX5+fnBhCqsyVRjQFEkqT5lIeP4+PjvPTDRgwgVGMAkSRpHl1dXb1Z13/+/Pnyzz//5KUfNmIAoRoDiCRJ8+jHjx+GD3pjAKEaA4gkSdMvX3pl+KA2AwjVGEAkSZp2efhw3wd9MIBQjQFEkqTplocPl17RFwMI1RhAJEmaZoYPWjKAUI0BRJKk6eWJV7RmAKGav//+e7Hzenx8XNrBSZKk8eWJV7RmAKGauFGt24EdHR0t7eAkSdK4ur+/X6zdOzs7hg+aMIBQTZz1KE/h/vnzZ2lHJ0mSxlN578fJyUle2qEXBhCqilO33Y4srinNOzpJkjSe9vf3F+v29fV1XtahFwYQqoqdV7cjOzw8XNrRSZKkcRRXKpRXLjw/P+dlHXphAKGq2HmVN6O7DEuSpHFWfml4cHCQl3TojQGE6lyGJUnSuIv7NmPo6NbruBcEWjGAUJ3LsCRJGmfxxeDu7u6bS6+ih4eHvJxDbwwgVBeXYZU7tbzzkyRJ7ctvO+/y9CtaM4DQCwOIJEnjKQ8f8fLB09PT1/eAQGsGEHphAJEkaRzFZVfluuxt5wzNAEIvyidh/f79e2lnKEmS+i+eRlmuyYYPxsAAQi/i5vNuZxc3pecdoiRJ6r9fv34t1uN46aDhgzEwgNCL8lrTuLkt7xAlSVK/5bMft7e3ebmGQRhA6EXc1Nbt8OJxf3mnKEmS+i2+ACzPfsBYGEDoRZziLb91iRce5R2jJEmq39PT05uXDDr7wdgYQOjN0dHRYscX/znvICVJUt0uLy/ffAEYxY3nMCYGEHoTZz3KHaCnYUmS1F/5XR8xiFxcXOTlGQZnAKFX8a1LtyOMnWDeWUqSpO+X3/URl2DFpVgwRgYQehWP4C13hnmHKUmSvld+2pV3fTB2BhB69fz8/GanGN/G5B2nJEnaPO/6YGoMIPSuvBk9dpJ5xylJkjYr7q/0rg+mxgBC72Jn2O0Yf/z48frNTN6BSpKk9Ssftxv/GabAAEITMXh0O8ibm5ulHagkSVqvs7OzxdoaZ0HcdM5UGEBoonw04OHh4dJOVJIkfb38yF2P22VKDCA0EU/oKHeUeUcqSZK+Vh4+vGiQqTGA0IwBRJKkzYsnS5ZPvOqGD0+9YmoMIDRTPqUj3pKed6ySJGm5GDzirMfOzo7hg1kwgNDM8fHxYqcZj+bNO1hJkvS2eHBLHjwMH0ydAYRm4qxHufO8v79f2tFKkqR/e3h4eHP1QLS7u/tyfX2dl1iYFAMITZVnQWIn6p0gkiQtF5ddxTrZrZnxOHuDB3NhAKGpeBpW+U6Q09PTpZ2uJEnbXlyq3K2V3vHB3BhAaK58M3rkhnRJkv73+i6P8qxHlzMfzI0BhEGU3+y4IV2StM3FPZF7e3tLg0d0cnKSl1CYPAMIg8g3pMfjBfMOWZKkOReXJZf3RubiCzpPumKODCAMJr7VKXe08XIlN6VLkrahuNwqP143/u/472HuDCAMJoaNeI55ufONU9Dx2MG8o5YkaQ7FzeQHBwdLZzviTEicEYFtYABhUDGElPeDdMU3QHmnLUnSlIu1Lb/XI754i3tAYJsYQBiFeMJHPhXtRYWSpDn03lmPs7Mz93iwlQwgjEacej48PFzsmPf3990TIkmabPEywXjIyqqzHnG5MWwrAwijEkNIuaO+vLxc2qFrO+oW7lXPxN+W4v/t8XCG+Pci/34kjbtYv/KZ/chZDzCAMEKx0+521DGMOPiaZ7EAx2V2cU103Hy5zYNGi+L3e3p66tJGqefizEacwc//DsZ/56wH/MsAwujEgWm5846D07yD13SKd77Et/jlgJEvR1D7nF2R6hb/LuXHy3f/rnmTObxlAGGU4lvacgfuRYXTatXQsUnbvnDf3t6u/Ca1ZjEMeuqctHnd5aL5civv9ID3GUAYrVXfJH2Ub3Tb9fv379fBID6j7wwZ8VSYuCzo6urKpQk923QojH/+5uZmaRuQ9P59Ht7pAR8zgDBaq15UqOn148ePxb0HjMe6Z1fcOyL9V5z1WPUOK+/0gK8xgDBqMYSseyZEw2fomIZ1/v2KMyEeiy39e5N5PpO47ZeLwroMIMzGut/oavPivoE4OxXXN7t0ar7iEpLy8pJ4T09cLhcvVcsHZdI2FJdc5YdoxBDvsbqwHgMIAO+Kb3XzABqVZ7nyQZo0t1ZdchWDiLMesBkDCAAfikEjDyB5GImDs3gSUAwkcbCWD+Ckqbbqkqu41yPOBAKbMYAA8Kl4ilZcfhJP94mBIw8hOU+l01TLL0l1yRXUZwABYG1ffaxvHLydnZ25gV2jrnuXR5zZyNtwuS275ArqMIAA8C0xjMSBWQwkcaN6PnCL4p0v8f6YfOAnDV08WGHVuzzKXHIFdRlAAKhu1VPp4iAv/vt8ACgNVZz1yMNGNzB7SSr0xwACQG9WHeC5P0RDF5dcxTaYt0uXWEEbBhAAehU39K66cT2uqTeIqGXdvR75kqt4r5Eby6EdAwgAvYsh4737Qwwi6rv3Bg/DBwzDAAJAU6vuDzGIqI8+GjxccgXDMYAAMAiDiPrK4AHjZgABYFAfDSLxIrh4ElE8AjUfZEo5gwdMgwEEgFF4bxDpihvZnRnRqroXYxo8YBoMIACMymeDiLerK+qGjhgw8jZi8IBxM4AAMEpxgHl5eflydHS08pttb1ffzi4uLt4dOgweMA0GEAAmYdWZEW9X357iPqAYOvPAEcXlefHm8njnDDB+BhAAJmXV29XLb7/dJzKv4ixXXHIXl94ZOmAeDCAATM57b1fv8ijf6Xdzc/P6ksBVn21chgVMlwEEgEn66O3q5cGqG9bHX9zvE5fSxdmtuOfnveEyLsGKS7GAaTOAADAbcWZk1VCyt7f38vDwsHTgq2HqnmCV7+l5rzgTEmdEgHkwgAAwO+8NIl1xr0h80x7fuMc/Gy+wywfJqlOcfYrfcTzR7OTk5MMnWJXFWZA4exX3gADzYgABYLbicayrHuH7UXGAHIOJy7bWL37f5YCRbxx/rzgT0g2EcSlWnCEB5ssAAsCsxb0iq25m/izvGVmvj55OlvMEK9huBhAAtk58wx7f1sd9CB9dquU9I1/rs+EjhrkYOOJ37uwGYAABgMJnB9NxiVEMLbkYZuJ/GzdLxzf7cz57Uj61Kp9div87Ll8DeI8BBACSz94zsq19dj+N4QP4CgMIAKzwlfeM6L/iJnLDB/AVBhAA+IZ4MV6cMbm6unq9JCkeNRuDy1cfNzvFPLUK+A4DCAAA0IwBBAAAaMYAAgAANGMAAQAAmjGAAAAAzRhAAACAZgwgAABAMwYQAACgGQMIAADQjAEEAABoxgACAAA0YwABAACaMYAAAADNGEAAAIBmDCAAAEAzBhAAAKAZAwgAANCMAQQAAGjGAAIAADRjAAEAAJoxgAAAAM0YQAAAgGYMIAAAQDMGEAAAoBkDCAAA0IwBBAAAaMYAAgAANGMAAQAAmjGAAAAAzRhAAACAZgwgAABAMwYQAACgGQMIAADQjAEEAABoxgACAAA0YwABAACaMYAAAADNGEAAAIBmDCAAAEAzBhAAAKAZAwgAANCMAQQAAGjGAAIAADRjAAEAAJoxgAAAAM38P73TIV43hu28AAAAAElFTkSuQmCC','png'),('test1','1/7_person_2_off.png',NULL,'2024-10-02 14:21:20','2024-10-02 14:22:09',0,'iVBORw0KGgoAAAANSUhEUgAAAyAAAAJYCAYAAACadoJwAABmGUlEQVR4Xu2dP4gcy3q391yfiw/4GuTsGD6bg7mYdXKtUBhjFgzmgsEI40BOzCYGJQbhSJFv4OCEGyo8ocCJwg0VCpxsuKFCRR+CL3Goj9/Kveed31RPd/X0n6rq54EHaWdnd2emq6rrrbf+XHwBAAAAAABYiQt/AAAAAAAAYCkIQAAAAAAAYDUIQAAAAAAAYDUIQAAAAAAAYDUIQAAAAAAAYDUIQAAAAAAAYDUIQAAAAAAAYDUIQAAAAAAAYDUIQAAAAAAAYDUIQAAAAAAAYDUIQAAAAAAAYDUIQAAAAAAAYDUIQAAAAAAAYDUIQAAAAAAAYDUIQAAAAAAAYDUIQAAAAAAAYDUIQAAAAAAAYDUIQAAAAAAAYDUIQAAAAAAAYDUIQAAAAAAAYDUIQAAAAAAAYDUIQAAAAAAAYDUIQAAAAAAAYDUIQAAAAAAAYDUIQAAAAAAAYDUIQAAAAAAAYDUIQAAAAAAAYDUIQAAAAAAAYDUIQAAAAAAAYDUIQAAAAAAAYDUIQAAAAAAAYDUIQAAAAAAAYDUIQAAAAAAAYDUIQAAAAAAAYDUIQAAAAAAAYDUIQAAAAAAAYDUIQAAAAAAAYDUIQAAAAAAAYDUIQAAAAAAAYDUIQAAAAAAAYDUIQAAAAAAAYDUIQAAAAAAAYDUIQAAAAAAAYDUIQAAAAAAAYDUIQAAAAAAAYDUIQAAAAAAAYDUIQAAAAAAAYDUIQAAAAAAAYDUIQAAAAAAAYDUIQAAAAAAAYDUIQAAAAAAAYDUIQABm5n/+53++vHv37sv19fWXH3744cvFxUVR6jW9efPGXzYAAADAKhCAAMzAx48fv9zc3Hz57W9/e9ThL9Xf/e53/jYAAAAAFocABCCTu7u7hwyHOvDPnz//cnl5edS5r0llRH766Sd/mwAAAACLQAACMMDnz58fgo2nT58edd771HNfvXr15fb29sv//T+/LkZND0tlab777ruH7wEAAAAsDQEIQA9d4PHkyZOjDrur57x48eIhk/Dp06ejjn9JKtDQ+hR/D8rkfPjwwT8GAAAAgFkhAAH48nOwMWbRuLIbmnql52sqlqZkeSe/FrVuxd/fjz/+6B8PAAAAwGwQgMCuGZvl6NZJeAe+BfW+/P2zQB0AAACWggAEdoNG9sdkOPYSeEQ1bezq6oogBAAAABaHAASa5/7+/suzZ8+Oggt3L8FGn6kF6ppeBgAAADAnBCDQJAokxmY79h54RBWExEyI1roAAAAAzAkBCDSHpg55kCG11aymYXmnGw9V1iN+bmRBAAAAYE4IQKAp+oIPTcHSVCzvbGNaZT7IggAAAMASEIBAM3jwofUMmlLknWsc1rMgLEgHAACAuSAAgSrRCeOn1ngQfJyvH1ZIEAIAAABzQAACVfL9998fBR0EH/Oa2hVL09gAAAAAzoEABKrDpwdFX7x4QfAxo74r1qtXr/xyAAAAAGRBAALV8ObNm+S0K+8047y+e/fu8bNW5klBCQAAAMBUCECgCnyBeaemCHmHGec3Tnl7+/atXx4AAACA0RCAQPF48KHO8MuXL7+8f//+qKOMyxivgbY0JgsCAAAAUyEAgaLx4IMF5tv46dOng+tweXn55cOHD365AAAAAAYhAIFiIfgoSy1Aj9dD/vTTT37ZAAAAAE5CAAJFQvBRpgo4njx58nhdNB0OAAAAIAcCECgO7XZF8FGuPh0LAAAAIAd6D1Acccclgo8y/e677x6vkc5lAQAAABgLAQgURxxdJ/goUx342F2j58+f+yUEAAAA6IUABIojBiDe8cUy9NPoyYIAAADAWAhAoDgIQOpQmQ+yIAAAAJALAQgUBwFIHXoWRAdDAgAAAAxBAALFQQBSj9fX14/X6ocffuCEdAAAABiEAASKgwCkHrUlb9y17OXLl345AQAAAA4gAIHiIACpy7dv3z5eL23PCwAAAHAKAhAoDgKQ+ozXDAAAAOAU9BagOAhA6pMABAAAAMZCbwGKgwCkPglAAAAAYCz0FqA4CEDqkwAEAAAAxkJvAYqDAKQ+CUAAAABgLPQWoDgIQOpTu1911+x3v/udX1IAAACARwhAoDgIQOrz1atXB9eNIAQApvL58+eHNkSHm8Z2pST12tTu6SwkAMiHAASKIzby3tHFMtUJ6L/97W8Prh1BCACM5ccffyw64OhT2V+9dgDIgwAEiiM27t7RxXJNBSHcmAHgFPf391+ePXt21LGvTQZcAPIgAIHiiI26d3KxbD0I4WR0AOjj5ubmYP1YVNmQn3766aiNKcV37959efr0KUEIwEQIQKA4CEDqVkFIvIYAAI4667Gd6KYyeXtSsj7gIu/u7vytAkACegdQHAQg9UsAAgB9ePChKViaiuXtSA0qCLm6unp8L8+fP/e3CwAJ6B1AcRCA1C8BCACk8OBDGQR14r0NqUllPeJ7YioWwDD0DqA4CEDqlwAEACLqpF9fXzcXfHT6e5PdOhYAOIbeARQHAUj9cjAhACjo0FkZqe11Wwo+ZGo9iGQjDoA0BCBQHAQg9esHE7IdL8A++Pjx45fXr18ng45Wg49OvadUJgQAjqFmQHEQgNSvjwYyCgjQNm/fvk1mADq///77Ly9fvvzy/v37o/aiRckCA5yGAASKgwCkDdmOF6B9FHgouPCAY49BR9SzwAQhAIfQK4DiIABpR0YBAdpFazxSBwkqE6LAxNuDPelZYNpAgEMIQKA4CEDa0UcBWQsC0AbqYMeTwJXt0NoPrQHxdmCvpoIQ2kCArxCAQHEQgLSj34BZCwLQBgo2Yr2u9SDBpaUNBEhDAALFEVP6nz59OmrQsS5ZCwLQFn6YoEb1vd7jz9IGAhxDTYDiiKNFb968OWrMsT65+QK0gQcfaq+9vuOx8TPTFsVMxYK9Q28AikMnx3YN9dXV1VFDjvUZs1pauAoA9ZEKPlo8z2MJU4v1aQthzxCAQHF8/vyZaViN+eLFi8fr+fz5c7/kAFA4ykYTfExXGQ8PQGgLYc8QgECRMA2rLTXSF2+8AFAPGgSKg0IEH9P1tpCteWGv0BOAImEaVnsSgADUiQ4T7Oqutt4l+DjP6+vrg/aQ9SCwR+gJQJH4NCyNGnkjjnVJAAJQH77u4927d0d1G/Nka14AAhAoGM2P7Rpo/d8bcaxLAhCAuvDggx2v5pOteWHvUOqhWHyuLFmQuuVmC1AHykDHAaAu+GDq1bzGLP/79+/9MgA0DT0BKBqyINuoDohGP7VffeyETFG/I67pkQBQJh8+fDiq91qHR/Axv3F3QH3m+owB9gI9ASgaz4J4A47z2gUeT548OQokztH3wAeA8ri5uTmqq1owTfCxjNpdLLa1WuwPsBfoCUDxxJuhN+CY58ePHx+yEepU+CjnksZddKRuvABQDr7eQ4GI2gpvQ3BePTvMtrywFwhAoHhi4+yNN6bVTjXnBhjd1Kkv/+9iFuPIqv7P1pMAZeDBh7bavb+/P2pXcBl9vQ1tI+yBC38AoDRiw+wNNx7rh4blOnfg0fnq1auDv8PWkwDb48EHi83Xl215YY9c+AMApRFvjt5w488qaBjKeujGphudRti02NSDhKVVZia+HgDYDoKPcmRbXtgblHIonjiarzUM3nDjr486Ep3q8HsQsLXxejLfGWAbvM0g+NheAhDYE5RyKB5tAdk1yiyK/PVD9mIo09F1KLzzX4I+FYv5zgDr8ubNm6O2guBje+M1AWgdSjkUTxyp0+5N3mjvRS0Kffbs2VGgkepIeKe/JJnvDLAt33///VGb4e0Nri/ZYdgTF/4AQGnohNiuUdbIvzfarXju4X861Kr04KOT+c4A2xDPVtIZFAQf5Uh2GPYEd34oHt0gW14Hknv43+MWtomOfU3G9wQA66DDBrt6p+1fvT3C7SQ7DHuCOz9UQY3rQG5vb79cXl4eBRDnqClYmorlnfkaje/LGbvOpQX1PnVQ48N1BViY2MFVMOLtFm4r2WHYC5RuqILa1oFomsOUsziWOoOjROP77hizzqVl9d51/R+m0gHMiDKtfuCd2ilvu3B74zUCaBVKN1RBTetA1HnUScLeuTxlq4GHPgtdO2U0tEZlL1mNpdTnp2zg69evHz5TfbZkTmAInfnjdU/lyNsuLMN4nQBahdINB6QOs9PX6jzqezplewt8HYg6Xt5ob21q2pBecytTpsYYy8+UDFD83PR5+uMtqs6hsnrnfF5S0/00lUt1A6BDU0G9bKm8sfi8XOO1AmgVSjc84gdT9anRfY3APpykvSIKguJrKOUGemraUAuLxcc6tvwM2a1z8cdbV1NkdD7DHOuGtM0qwQiIWJ4UiNSyhm7Psh0v7IELfwD2ydTOo3ZuWis7ot8fG+YtF1CmMkWuOoDeSW/FVLanTwUU+izUuVbQ2j3eZTj0Pf8ZTKvArJvSpkEATaMZClgUjKiOqr6sPWgA2+Plx9syLE+244U9cOEPwP7w4KM7mKr7Wp0WdXbGrGtYOjsSt5BUMKKgxBvvpfXPK76e1jMep7I9nV5+cB21oFgdlzGBoa6hnvv27duHba2hTdQ+xuvubRmWKdvxwh648AdgX3hneqjzqBuaRv81ojr23Io+1VFSQJGDL/DW6/DGewmHMh4tbI87x7bB3WGI/jiua04wIpUl0Q5J3cJ2aIM4kq5209s1LFdvRwFag1K9Y3KDj5Q52ZE+1fHR/PexxB2x5NJZEP+cOrvPyzvyNarr6AtVT7mnReK1q8BYAbSmuuXUU7IkdeNTVt+9e3fUtmHZxvoI0BqU6p2i+fixcZsSfLjnZEc08p6znWhMT+u9eMN9rkNrHLqRfu/I16iCv1Pv1d3rIvFWVLlVtkuBtdaQjA08lSVRQEIwUgdkP+o31j+A1qBU7xAfGZsj+JiiZxYUtGiUbgwKdLqfm3M/+1NrHFrKeETj4WTdtsH+3rFtNWVLgby2Zx0zDU8B+FLrvGAeFDB214vsR53GOgfQGpTqHRJ3Heq2s/UOxlrqxujZEnWChgIRjdrHIGqOaVhaj9I3GlxjxkMj1Zoel5PdiIEd7lfVrzFZEgXrmqIF5RGvk7d1WIfxGgK0BqV6Z3jWQR1971SsrUbcU6OuCkxOBSNzTsPyz6XmHa3UIYyfzVj1WftjiJ3KeMSzeKLdhhI5a7lgOTyL6e0d1mEM/NkcAlrjwh+Adkmt+/COxFaq4xKnArldMBLXicw1Dcs/lxp3tNLnpyAqTrvIUZ/9lpkwrEdl1rS+wDOXY1Sg4vUY5idOIz2nbcRtjQG/6s5DFh6gES78AWiX2Dndat3HkGO2D9UNVVkRn4alESJvwMeY+ly8g1+qXeDR1xnU+1FGxB9HPFeVPWU9TtXVU6oeM31rfuKASremy9s8rENNLY5t+8PhtgCNcOEPQJv4FKMSgw93KBjR43/5l3958LXelzfiQ8bfWUvwcSrwUECltR8aqfbvIS6hAom+zRuGVL3VdEemb52PbzCiz9XbO6zLmOnnQEJoiQt/ANrDg4++edwlqwWxfVO0vvnmm8f/a4TIG/Ah4+/yjv6WdkFGXwDm6nksIseSVT3um/qpzhXTs86DrXfbNNYTgFagNDeOBx+lTr0aa7ezU2rkv/Mf/uEfsqZjxZ/1IGALT2U3UhJ4YG2qHmuwoK+Ma7CBRbd5ePaDrXfbMdYNgFagNDeML66uPfiI6n2o033qZGdNRdIcdW/M3fgzHgysraZM9HXKXAIPrF0F22qn+rJ8qt8q4zAM2Y92jXUCoBUozY3io2EtBR+u1or867/+65df/OIXR9/TZ+CNuRuf7wHBWvYdgEiQgXvx1PQstvk9jbf3ZD/aMtYFgFagNDeKj4a1GnxE+zrq3pi78bkeGKyhsh5+0JvORel7P4gtq2Bc07O8TkhlB/U9pmcd4u29t3FYt7EOALQCpblBUqNhfiNv1dQIqjfmbnyuBwdLmsp6dAcg+ntA3JvKdqgu9J1to8cJRtLtvbdxWLex3AO0AqW5QXRT7hqrU2skWtT3TZfemLvxuR4kLGUq69EdgOjvCXHvDm3zq2BEu/tpmpZObN8TZD/aN5Z1gFagNDeG73q1p+xHp09dGjqIKz7XA4W5JeuBOF3VH7VxmqLo33NVz9Q5V/CiXbdahOzHPozlGqAVKM0Nkdr1ym/Ke/HP//zPH/+vTog36L2NeyJoONdTu/yQ9UCcZk4wIpUl0Tkj6qS3AtmPfRjLMUArUJobIs6VbnnXqzHGzI8+l1MnpMef8+DhHDWHve/wRLIeiPOpYESZT00/HTPtVNM0aw9G1KbF6aZkP9o1ll2AVqA0N4IWYnYNlEbb9xx8dMaATNMwvFFPNu6JQGKKmodO1gNxG9X+aVtfZUiurq6O1ltFaw1G4lRTtTXermE7xvIK0AqU5kaIC891UrjfZPdoXA+jTog36snGPRFMjFUZjb6gQx0cgkLE7dR5QZqy1FdHpYIRPUdrK0onriVT2+PtGrZjLKMArUBpboQ42q/Rd7+x7lF1IuLXGjH0hv2ocU8EFkNqgasvLO/UyKsvikfEbR0KRlRvSw5E9Prja9Xr9HYN2zGWTYBWoDQ3gt9A8avamrP7v27UqR2x4vM9uDil1ngoy+Lb/nZqcSxTrRDLU9OzPPj49ttvj55XaiASF59rnZm3adiWsUwCtAKluRH8xolfVZAQOxoKCnxBeny+Bxkp+wIPFpYj1mHf4Ya//OUvk4vYSwpElP2Ia1oUTHmHFdsylkWAVqA0N4LfMPFnNSUt3rC1HqO3cU8EHFFtqeuBh2RhOWL5ajqkZz6i3Vo6LUjvC0S0xk6DEFugwZPU6+rUe+sCJe/EYr3GawzQCpTmBvDDB/FYnZAcv9ZnlmzcE0FHZ+pz1g2fNR6I5Zuqv0P2BSLKoGgwYm3GvoeYsfHOLNZnvLYArUBprhy/IcU1D3ion8nRBSHxMQ86+oIPAg/EevT62xl3DzxlXyCix7QF+hr41KscyYzUbbyWAK1Aaa4Yv6nu/fDBIfXZ+Onw/hl64JEKPvicEetxzvqrQCQ1hUuDG9oNbyl86pWmfHo7JfsCpU4yI3UaryFAK1CaK8WnFJ1zU92TqSAk6jf0OTsviLiuS9Rf/bw2m/C1YOrcK6OyREYkvo9uNz9vq3ICEUlWpB7jdQNoBUpzhXgqfo6b6p48FYQQfCC24dL1Vx33vilcWiMyZzASd+1S8OMBx5CnAhKyIuUbrxdAK1CaKyOVip/zproXU0GIOgzdDVsLTOP35u68IOJyLh18RJWN8LYkOkcwEn+fBxc5EojU6cH1B2gESnNlpFLxfiPBcepGGzNJujl3N+o44rhk5wUR53XN4CM6dLq6nBKM+Gv3oGKqfcFId56Rd4JxOw+uP0AjUJorw1PxfvPAPONnqM9WN3vdnONzvAOAiGW6VfDhzhmMxN329Ps8kDjXvkBEn6V3hHEb43UBaAVKc2X4TQLPU50TD+q8E4OI5ev1dqvgwx0bjGhjkRSaZts9b8r6j7GmAhGCkDKM1wSgFSjNFaEpQ37jwvPVjbf7/7fffnvwPc5VQSzfUoMPdygY0fuI6Pnd9zQ1SvcADxzmNLU2jiBke+P1AGgFSnNF6MbVNUI+UoXnGUcZO0vtxCDiz75+/frg61rqbV8wEoOQ2ObrrBEPGJYwFYTodehx7xjjOsZrAdAKlOZKSC2Yjo0SnmccaZS1dGIQ96o24PCBgxrrbarD3wUh8ayR29vbo2BhKVOv6fLy8suHDx+OOse4vPE6ALQCpblwUifvkv1Y3to6MYh7Umsh4oCMrDH46Ex1+K+vrw++9iBhafWalHXx18pWvet7UA4AGoHSXDCe9egk+4GIezSV9ei2jfXn1mYqCPHve5CwhtqFK3XqO4HIesbPHqAVKM0FE+f/dp66QSEitmoq66FgpKWzkPqyDlJBgNa7bBGIKNBI3Xs4M2Qd42cO0AqU5kLx7AdZD0Tcoy1nPfrUWgufgtWpLXvXXA8S1ZklV1dXR6+JnbKWNX7WAK1AaS4UdrxaT93MfZ0NIm7r58+fHzq2rWc9TtltL+xToKQyJUtvy9unAhEPCqXa0S5L451onG78jAFagdJcIGQ/1jUeRIiI29oFHt7pbj3rMWRqLYa+fjjAMBEkLO2pNSvsmDWv8bMFaAVKc4HEw+/IfiyrOjv+GCKub1/gIfeU9TilPqPU1Cx9PtpK3IOEpVUQkno9nSxUn8f4mQK0AqW5MJTajo2NRpG8UcdpavSUqVaIZXkq8FB91ci/P753dZ9QlsEf1/QnfZ4eKKxlKkvT2V1L71zjsPFzBGgFSnNBaDQpZjxOjSzheFOLWBFxWwk8zlP3i9QaGU0pffPmzVFwsJZ9O2ZJvVbvXOOw8TMEaAVKc0HE+c26Kash9wYcTztlQXnX2ek+/5cvXx49BxHn89///d+/fPvtt0ePE3jkqwGW1M5UGsxSpsQDhLXs2zGLTEi+8fMDaAVKc0HExdBaWOgNNw57akH53hexIm5tXzaSwON8tVlJavBFu2V9/PjxKEBYU8/SkAnJM352AK1AaS4Iv3HgeNV5Sd18O1nEiritGlTxjqgk8JhPTcvSIItPa+tOLlcb6MHBGqYGftRes0h9nPFzA2gFSnMhMN1qut1e+YhYptTRddX9pG8qqQZjFPRtcaJ6KgDtgiMCkX7j5wXQCpTmQuDgwTyH1nr03XwRcV09+EhNwcJlVMajb0G4siTKTHiQsKSpTEinAhHWhqSNnxNAK1CaC4CDB/NNrfXQjVajev44Im6jBx/U0W1UIKJdFVMZCF0jDxTWUPe51GCbzjPxDvjejZ8PQCtQmguA7Mc4T2U9dHgjHRvEcuwLPoQ/F9dRWx9ri14/Q2SrIEQqEImvR4vmvQO+d+O1AmgFSvPGaHcSsh/jTGU9ELE8TwUfwp+P66pr4VOztgxClPXw1+Kd8D0bPxuAVqA0b0ycD83c6LSnMh+s9UAsS53GHb/24EP4z+D6lhaE+MG7attZmP7V+LkAtAKleUPigjxlQdgmNi2ZD8Ty1cFzPrUnFXwI/1ncxpKCkNRr6c5u8g75nvTsEEArUJo3JHasT+0Osmc1Z9kfI+uBWI4apdYaLH+8L/gQ/lzczlTHX+sSt9imV39Ta0D8Ne51SpY+j7guVCfLA7TChT8A6+GNLB6qxZJ+oBYilqEGB9Qx9Dr6uL3rCfx34bamghBNCd7qBPW+HbI0FXdPW/XG6YzdLAmAVrjwB2AdOHjwtL6IVfoNEhHXty/wkMqEqG0bIm688eHDh6Pfg+ubCkJ0jRUMeICwhqnXI1V2vKPeon4PHArqAWrjwh+AdWDr3WN1o0stNu9GvfxxRFzXvqyk1n5oDchY4jQb2r+y9I6v1P3KA4Q1VBDii9OlHvcOe0uqnsX3q0AMoDUu/AFYHg4ePNY/k04OLkMsw1THtBscyEULa2kDy1XBpG/+ofUHyn55kLCWMfBVwKvMmXfcWzF+9qfWUgHUzIU/AMtD9uPY1MJyDhdE3F51OmObJacGHpH4O9WhpK6XpQaFFHTEx3TdFTx6cLCGNzc3R6+xtR2yUlvOE3xAq1z4A7AsGrVh5O9QH1nlM0Hc3r61HnONyHrWM9XBxO319nnLdSEKer086vV5R75WPfjo3h9Ai1z4A7AcuqHHBmbP2Q/dSFKNbWrRISIub1+djM4VfHTEzq2mnZAFKVMFHN7xV8DoAcIapjIzUmVXaye8U1+TfdvxswAdWuTCH4DliAsv93zwoI+odbLeA3Eb++pk5xxTrlKovsf57n6KOpaj7ld+0OTDtrCJIGFp+3bIkrVnRFJ1Uf0FgNa48AdgGXx6wV53dfLdPTpZ74G4jakOT+dSgUckto3qaLFFebkqix+zD1vtjiX7dsjqrPHMEO8nRAFag1K9AtpRJM51PtVotm5qdw9/DiKuowcfc0+xGoP+XpyO6gvesSzjGr1u2pwHB2vblxGp6cwQ3xlO7yd+zVoQaI0LfwDmRSfJxk63brR0ur/K54C4vmqTNDKsrGN8fIvgo8M3nlBnzF83lmO8p719+/YoINjCvoyIMmre2S9ND8J1Cr0e82CcIARa4sIfgPlQA6KGpGs8tIhPN39vIPdgantBRFzGMQvKo1sGHx2xAxbXy2F5euZMZe1hoXQiMNjCmDnQ/0vfrjd+nnF9aCqzQxACrXDhD8B8xNEYNSqaihUbkj3ph1oh4jJ653DIEoIP4VkPDVr4a8Uy7Funs9UZIa5nDqTqhXf8SzHeH30nLIIQaJULfwDmwRdbn1pctkdTBw8i4nmOCT40GKIOjTo6OpeoJOK0MHXKtOjZXz+WYaqTr8yVBwNbqWl9vtV9qQvT/XN0CUKgRS78AZiHOKJBZxsRl9aDj1IyGzloZD22nak5/ViWnrkqJQsiUx33Ehem+2eaMvVeCEKgZi78AZgHbzi8MUFEPFdlCLQIuKQF5eei9xPfC1Oxyjeu2Xkse4mAYAtTi9M9ANha/zz7JAiBlrjwB2AevOHYsz4yi4jT1Qizpk/FDS6iNQcfHUzFqkvPgujAwofpfYmAYCvj6/MAYGv98zwlQQi0woU/APPgjcZe9bUwPlKLiMOqA65OxtBmDi0EH4KpWPWZmmpc0s5Y8XV5ALC1/rkNSRACLXDhD8A8eIOxVzl4EHG6XeChLbz9e50abdaCYE1VagmfiuWj7FieWuDtZVW7P3owsIV+qJ8HAVs5dYYAQQjUzoU/APPgjcXeTJ37QfCBOE6dF/T69eujzpxUR0pz7pVd1PNaJq4t4GyQOlT2Kk4P1H2ghDUhvmtXCWeD+O6YuTMEUkGI7Hb7AiiZC38AzmfqiEZLDk0VQcRjNeqf6lDIPXYqPOvhJ6ZjmSoIicGzpmd5QLC23lnfejcsle2YlZk6Q8DfV6d+N0DJXPgDMB1Nl/BRltwRjVZNzQ9G3LvKYCio0BqHvqB9j4FHJLapfq4DlqvKbPy6hKlY3sH3oGAt9TpiWVbGyF9bjvrZ1DopgJKhhM6ERuZ8usTUEQ1EbNduXYdPUXTVfigjsnc0mh5HismC1GMcmS9lKlZ8fR4YrGWcJaGyfX9/f/TZzSFAyVBCZ8JHLwk+EDE6ZkG52hGt/Wh9bUcuMQuiz4i2tQ59KpbW8egxDwrWdOvF6NqeOL4GrUXxz20uAUqGEjoTsdJ76nlvsgYG8WdPBR7qiGiwQp2Qh3MTIIk+wzjI44t3sVz9fqgy/zClMBEcrKFPk15zMbrKccx89p3lM5cAJUMJnQmv+HvVgw/WwOBePRV47H1dxxRi0MHhhHWZWp+gRdgeHKyhL9peczF63MlN7YIynf65nGvMrjx8xgCFcuEPwDS8Edijfugg09Bwryq4IPCYF7UlMQviI9lYtlq7ozNruq/VGffgYC39vuSBwhL6/XGptUw+6EebA6Vy4Q/ANLwR2KMcOoh7V4tJU9Mq6ATMQ5zOo5FerSfwzxrL1bdV3ioLIuPr8GBhCeP9MZURmkv/jCVb8kKJXPgDMA2v8HuX4ANbduxOVgQe8xO3L2V77/r0wyU9MFjL+Jo8WFjC+PeWvj+m6gVAaVAqZ8DXPSBim55a1xHViKMWt8L8+NSV1IgvlqtfL63t8eBgDeNr8GBhbkvoIwCUBqXyTHxep8+/3IMa4R0aCUasWS0W1fa4Q4GH1BQsTcWC5YjT3OKIOtah3ydvb2+PAoSljX/fA4Y59eDD3/taApQGpfJM9r7uwRtXxJbUQYBxx5wo06u2IzWK7tcHy9VPAldg/xC0JwKFpYyvx4OGufT749p9BD/zBKAkLvwByCNW9jUblhL07E9nav4pYk2qQ+uHi3YSeJSBjyT71CwsW2UVYx1TvdIURw8UljK+Fg8c5tDvj2sHH9J3imNaKJTEhT8AeXiF35N7z/5ge6oD1DelR2VcGREoA7U3cSqWRns9M4Jl66eCX11dPVxXDxaWML4ODx7msIT7Y+rME4BSuPAHYDwchPWzWzSuiHOqzpCvZVInQms/NFoL5aFteOM10/Va4nA3XE4F9fFrZdA9WFjC+Dc9eDhX7xtseX/0vw1QCpTGibx//37UglRELEd1DNTh0T78Hmy4es7DaCwUjdYOxLZYawu8A4hlqyA/fr3GepD497pplR5ITFFTr0ruGwCUAqVxIj4/vG+hKiJuq6blaO5z6oDAlJqmwBqPutAuSnEqD+1xfcZrprULHjDMbSwvUl97MJGrLzr397WV8b0+HP4IUAAX/gAME+cZd50Vr/CIuJ3deR0+UDDk5eUlW+hWii/6ZTOMuoybCKjeLr0WRIMS/ho8oMjRy1+XVfG/sYVxw4aHwx8BCuDCH4Bh4paPfQtWWzc10oO4tWMOClSQoRHWh7MHoCl8Kg+L0usyDhg8bPiQCBzmNv59DyrGqrVInoHztRdb6vWALAiUwIU/AMPEoGOP+8/7SI9vh4m4pnFdRyrwUMdAdVbllsXk7ROnvOx1gKhW48CWdsTyYGEJ49/3wGKscbtbrUEqKfjojHWBLAiUwIU/AMPETo6PLOzBErYXxH07Zl0H53XsE2+T/WssV2US4tcPAwaJoGFO49/zwGKs8Z5Y6nk0Xg8AtoZSOAGv2HuW4AOXtptWNbRrVSeBB/hor5cRLNeYwXo4OC8RNMxp/NseWAypaZxj26XSBNgaSmEmPkKDiMs4Zj1HJ+s6IOKjvf41lmtcuK0MpwcMcxv/tgcYQ+ZuclGSAFtDKczE53p6pUbEPLU2I3cUkXUdMARZkDrVwENc0L30NKz4tz3A6FNBUqrNqmnnNYCtoRRm4DtdlDrXc0nJAOFcqqMxtmPItCrIxbMe2l7ZyxWW6ZrTsOLf9UAjZSs7QAJsDaUwA7Ifhzte7fUzwPP98OFDcgTRJfCAc4gBbmy/sWzXnIYV/64HG53Kwug19e34WFPmoxNgayiFGdSw08WSvn///uBrdSL9OYidOYvHtYXuw8FjADOiNUFdGesOt/Oyh+W55jSs+Hc98FD2pa/9qn0HSICtoRRm4BV4T6qhjRkPdRj9OYgyZ/G4OhlkOGBJYgdS58V4GcQyjdkrHTDpgcNcxr/ZBR6arndqi+/agw8JsDWUwgy8Au/JeOCiOpasBUHZtxhzjNq5Sjd6gCXRKHZX5nS4nZdDLNNU9sqDhzmMf7OvLdNAiYIOlaVWMv8AW0MpzMAr8F70xfd7PP0djx2zGJM1HLA13n754nQsV89eefAwh/43oyo3MYBtSYCtoRRm4BV4L7L4fr/mrOOIEnhASbAlb5169sqDh3NUhuVP//RPj/5mp6ZgtbxzGsDWUAoz8Aq8B330cI+L7/dozjqObj40QKl41sO/xjL1qb4eRExV7VuqbWthbcdYAbaGUpiBV+AW1ahQN9qtf//u7/7u8XtkP/ahMhepm3NKbUtJ8AE1QBakfj2QmKIOL021b3/yJ3+ym+BDAmwNpTADr8At6lNtvvnmm8f/k/1oW918U/vZM50KWsCzHmPWMGFZejCRa+qad+2bP966AFtDKczAK3CLtrrgDk+rqQ6+7SSBB7SGbx+e6pBiuXpAkaMyH/F37TXw6ATYGkphBl6BWzau+8C21baS8ZBNqUwIU6ugNVSmNc8/lvWWFxq34BwHEvpaxj2t9egTYGsohRl4BW7ZuPMVtuPQuR26SWukEKBV1PGM54HQ1pVtvFYPbVMiwOhTaxp13lD8fVrLuPfgQwJsDaUwA6/ALasG+q/+6q8OHmO6Qt0OXT9lQZQNAWiduJ6tO+TO6wOWYZwWrM0DPMjoU2t+Upl81jJ+FWBrKIUZeAVuWd2Qf/Ob3xw9PtSJxfLUlpNDo7waZdQ0BYC9EKcd6pA7rxNYhnHzAAUUY05E13NSuzb69Ls9C7A1lMIMvAK3bAw0fvGLX/R+D8tUo4Z9U604twPgy0E7Fqf5YHnGtuz9+/dHAUfcPt5V0MI6n2MBtoZSmIFX4JaNo4P/+Z//eTRyRBBSprrR+m5WUYIPgK/4IXe0aeUady9TNtcDEN9EI8rOjmkBtoZSmIFX4L0oUrvHcMMuw6GF5ZItdQGO8W156ayWaVy3oUXlXeAx1PalzjXCrwJsDaUwA6/Ae7GDIKQ8+z5/TTtQZwoA+km1adrq1esTbqvWsfl2vH1tH44TYGsohRl4Bd6LkdQNW2oUyg96wnnVKOCp0b5OTcHSVCwAGMYXLO/5cLqSjet0/uVf/uXo+5KMx3gBtoZSmIFX4L3o9AUhklGpZfSDtFzWdgBMJ7ZbPi0LyzBeo1/96leP/+dQwWkCbA2lMAOvwHsxhRr8vhs1Qcj5ntrVxX3x4gXBB8AZaGelrj6NrXe4rvEaPXny5OFfnQtC8DFNgK2hFGbgFXgvDpHKiBCEnOepXV00FQsA5kNtWMwwqmOrdQde93A7/Rr993//99FzcLwAW0MpzMAr8F4cA0HIeQ7t5tKpzxgA5uf169cHdU3rQliQXpZxHQhrdc4TYGsohRl4Bd6LYyEImebQZwQA66AzJmLd01SfDx8+HNVJ3EbW6swnwNZQCjPwCrwXcyAI6TdnXUendnUBgPXQyHqc6qP/M9pehqzVmU+AraEUZuAVeC/mkgpCot2heP547ercjXNuiuxkBVAGynp0C507GUjZXl8H4qfZ43gBtoZSmIFX4L04haEg5NSWsrWpMzd09oY/niM7WQGUhdZ/xPNBJEHI9sa2Np6QjnkCbA2lMAOvwHtxKqe26t2zTKsCqAPthOUDKQQh2xrX6XAtpguwNZTCDLwC78U5aSnz4eq9aRoWALRDKpvb4hTSWoyfvbZL9u/jOAG2hlKYgVfgvTgn6qD7729BTQvQVCwAaA8PQjTYoPru7QAu793d3eP/T52XhKcF2BpKYQZegfciAMDe0XSsuMnE5eUlp3BvJAvRzxdgayiFGXgF3osAAPB1d6zY+WWN2zZyIOH5AmwNpTADr8B7EQAAvnJzc3PQPrIQen05kPB8AbaGUpiBV+C9CAAAP+OLnwlC1pUDCc8XYGsohRl4Bd6LAADwM74oXRKErKcfSKgzW/w5eFqAraEUZuAVeC8CAMAhBCHbyjqQ8wTYGkphBl6B9yIAABxDELKdrAM5T4CtoRRm4BV4LwIAQJpUEPLy5Uu2h11Y1oGcJ8DWUAoz8Aq8FwEAoJ9UEKI1Cq0evFqCrAM5T4CtoRRm4BV4LwIAwGnUIfbdsSRTspYzrgN58+bN0fexX4CtoRRm4BV4LwIAwDjevXv35enTpwdtKEHIMsYzWVLBH/YLsDWUwgy8Au9FAAAYT2pKFkHI/N7f3z/+X9Ox9Ln7czAtwNZQCjPwCrwXAQAgD4KQdYwL0OPCdDwtwNZQCjPwCrwXAQAgn1QQcnd3d9TG4nTjFryvXr06+j6mBdgaSmEGXoH3IgAATENBSFwszVqFedWam+7/l5eXR9/HtABbQynMwCvwXgQAgOl41oOpWPP5+fPno8dwWICtoRRm4BV4LwIAwHn4ad0EIbilAFtDKczAK/BeBACA80itB2HRNG4lwNZQCjPwCrwXAQDgfHw9iHZwYutY3EKAraEUZuAVuCVvb28PtjOMAgDAPHz69OnLkydPHtvXly9fHrW5iEsLsDWUwgy8Arfk999/f/RYJwAAzMdPP/100MayHgTXFmBrKIUZeAXeiwAAMC++HS9nWOCaAmwNpTADr8Ct6KNv/l4BAGBeUovStT6EbWVxDQG2hlKYgVfgFnzz5s3B1y9evDh6rwAAMD8KQjwTosP07u/vj9pqxDkF2BpKYQZegVswrv3QaJxuiP5eAQBgOTwLrUXq8YRvxLkF2BpKYQZegVuzCz78vQIAwLIo4Ii7Y0lfrI44lwBbQynMwCtw7fqoW997BQCA5dHUK03B6treU7sTIp4jwNZQCjPwClyzfWs/Uu8VAADWwReh63ymH3/88agNRzxHgK2hFGbgFbhm+9Z+pN4rAACsx3fffXfUZt/d3R09hjhVgK2hFGbgFbgVPfjw9woAAOuRynj4blmI5wiwNZTCDLwCt2KKoe8DAMCyeNbDv0acKsDWUAoz8ArciimGvg8AAMsTMx86qPDTp09HbThirgBbQynMwCtwrZ7a/apj6PsAALA8nvXQ+pDUFC08X20AoPujFv779/rUc2vcLhlgayiFGXgFrlEPPnz3q474HAAA2I6XL18OtuU43S7w8HNYxpraNKB0AbaGUpiBV+Da9K13U7tfdcTnAQDAtuigwqdPnx60zQQh56v74tTAI6pMiN9jSxZgayiFGXgFrs2hrXcj8ecAAGB71Gar7Y7tM0HIYQYiZ41M6rPrplSNIZX5+Pjx49FjJQqwNZTCDLwC1+yp4EPE5wIAQBmkgpBXr149PO7t/F6Mn8dQFkLBRWqNR07g0ZFai1PLehCAraEUZuAVuGaHyHkuAACsRyoIuby8/PLhw4ejtn4Pxk6/fy7RVMaj+5mhQblTxN97fX199PtLFGBrKIUZeAWu2SFyngsAAOuiDnPf4YS17sw01TjtStOiUtmgvsyINmI5J/gQ79+/f/x9qexKiQJsDaUwA6/ANTtEznMBAGAbFGikFlGn1ie07LNnzx7///bt26Pv56yBzCUV8JQuwNZQCjPwClyzQ+Q8F8pDO+b0jcRNmesMAOWiDMCpqUeq86lOeUvG9Rg+Der29vbg6zmDjw5/PaULsDWUwgy8AtfsEDnPhbJQZ2Ro9FPfB4D2OFX341Sh1ry/v3/8v2eEYvZDLoG/ntIF2BpKYQZegWt2iJznQhlolK8v65ESANojtTNTp9qHGqcLjTW2f12wpUMG43N0qOMSxL+RsxXwVgJsDaUwA6/ANTtEznNhW04FHpqKFeG6AuwLdYY9I6D24lSgUquvX79+/L+2Jlb75+99KWLmSf8v/fMF2BpKYQZegWt2iJznwrb49IJOzQl3uK4A+6NvR6y7u7ujx2rWd6PytjHVJs6FAp74t05NhStBgK2hFGbgFbhmh8h5LmyLX9tTUwy4rgD7xDvI8urqqorpQjl6xqNzjY03lHHxv1uqAFtDKczAK3DNDhFHbzRKBmXiB2sNEa+rfhYA9oVnPdQmKDhpJRDxHbA6l9j5KoX/3VIF2BpKYQZegWt2CB3O1D1Xh11BefjBWrpmQ/goqOYpA8C+UJbU7wmdmrpUc0CSykL8+te/9o9gMfxvl2IMPJUlAtia4Z4oPOIVumaH8FEysiDlMeVgLT0nnhfAdrwA+0Qd9adPnx7dG2LbUGMgojbum2++efz6b//2b0e1jXPhr6cUb25uHv/PoCKUwHBPFB7xCl2zY1Aj1T2fBqs84vXMucH6NpwAa6Dd2rTmQJk7KIehQCSq7IhnXkv3v/7rv/wtL4r//VKM93MFIwBbQ+8jA6/QNTsGz4JAWZxzbc75WYApxK2iWX9ULmMCEl97VrLamndN/O+XYlycz4wGKAF6Hxl4ha7ZsUz5GViHc67NOT8LMIZT59NIgpCyGROIlJYRSZU5Zd3WxF9TCbL+A0qE3kcGXqlrdixTfgbWYeq18dHLnOlbAGPxMxhSMhJbD75+LOptylamytza69z875cg6z+gRPJ6LjvHK3XNjmXKz8A6TLk2qdFKgDlJjUL3SWeoLhSE9G1zO9YtsiZrBrr+t0uQ9R9QIvQ+MvBKXbNjmfIzsA5Trk1qhBBgTobKmJ8QDXVyKiMyxqWzJjFQWrPT7a+jBFn/ASVC65+BV+qaHcuUn4F1mHJtvBzk/CzAGLx86cyJiM6eofy1wbkZEZWNObb5TWXd4rSjMWckzYW/ttIEKAVKYwZekWt2LFN+BtYh59qkbtBjfxZgDFq07GWsjzHPgfY4N2uSY1x4rXK5Fv46ShOgFCiNGXhFrtmxTPkZWIeca5OaFtPJbkRwLhrF9qlVp8rlmOdAmygIiWsSllCZla3OO/LXUpoApUBpzMArcs2OZcrPwDr4Nc3xN7/5zcHXmhYDMBWdmO1lzKdeReLzYJ+M2eY3Vy9z8Xtr4a+pNAFKgdKYgVfkmh1LHNXUKCeUg1/THH0qxNpbVUJbxAybOpZDxLIIsBRblDNva7fW19gAlAKlMQOv2DU7lthJ1daJUA5+TceoEcLu/1tNUYD2yC1Huc8HmMIW5Sz+zRKM2UllnABKYb1a2QBesWt2LD/99NPjz6x9oiycxq/puQJMJbcc5T4fYApblDNvV7fU12aNyU4CrMV6tbIBvHLX7Fg+f/7MNKxC8Wt6rgBTyS1Huc8HmMIW5czb1S0l+wEls16tbACv3DWbA9OwysSv6bkCTCW3HOU+H2AKW5Qzb1e3kuwHlM56tbIBvILXbA5xGpYWm+pr2B6/pucKMJXccpT7fIApbFHOvF3dSrIfUDrr1coG8Apem3E05P379/72evFpWOyYVAZ+fc8VYCq55Sj3+QBTWLuc6Uwlb1e3kOwH1MA6tbIRvJLX5osXLx7/r5NhtQvSWOLuSRK2x6/vuQJMJbcc5T4fYAprljNNT45/L95v15bsB9TA8rWyIbyS16ZGRZ48efL4tYKQnOlU8XfB9vj1PVeAqeSWo9znA0xhzXIWz8LRuknf5nxNc8/lAdiC5WtlQ3glr9G4nkPmTKeKPwfb49f2XAGmkluOcp8PMIW1ypmmNHd/p5td4O3rVgKUCqUzA6/YtRrTs3IsU34GlsOv67kCTCW3HOU+H2AKa5Wz6+vrx7/z+vXro7Z1SwFKhdKZgVfsVhwL54GUhV/HcwWYSm45yn0+wBTWKGe+8PzDhw9HbeuWApQKpTMDr9itOHYtCOeBlIVfx3MFmEpuOcp9PsAUli5nvvA83iNLEaBUKJ0ZeMWu2ZjN6L4eIq4fubq68m/Dyvg1PVeAqeSWo9znA0xh6XJW0sLzPgFKhdKZgVfsmv3xxx+PHhvCzwNhGta63N7ePgR+XbbKr9+5AkwltxzlPh8gl7u7u8cypt0flyCW41KCjzXeN8Ac0Ppn4BW9NcfANKzt6EbbumyVX79zBZhKbjnKfT5ALjc3N49l7Pnz5/7tWfA2tATXeN8Ac0Drn4FX9NYcsxaEaVjboOxHvFbCr9+5AkzlVDlSm6G2xctb3/MB5kCd766MqVO+BF6WS3CN9w0wB7T+GXhFb8HctSCahhWfD+sQ5xp3n7tfy3MFmEpfOfIdglICLEE8dFfTkuZmTNleW02Ljvf0Jd43wFzQ+mfglb0Fp6wFyXkuzEP8zF++fHn02BwCTMXLUo4Ac7P0OggPPl68eHFUrrcwnvH19OlTf9kARUHrn4FX9paMoyY61fUU8edgHVKfuV/DcwWYipcl99QOQQBzs+Q6CA8+TpXtNfXsx7t37/ylAxQFrX8GXuFbMo7gaL62GtQ+4s+xE9Y6xM889dgcAkzFy1JUbcupDhrA3Cy1DiJ17sepsr2mZD+gNmj9M/AK35IKJOKc2W6aT4o4yqL/axoXLEu8VlqQfmpR71QBpuJlKUeAuVlq/UfJ537E10b2A2qA1j8Dr/CtGXe4kko1p4gjLXJo4TqcT/y8lwg+JMBUvCzlCDAnHz58eCxbc6//iOW2pODDBagBSmoGXslbNKauZV8QohGW+DxYlvhZ+8YBylb5dZwiwFS8LOUIMCdxjcb19bV/+yy87JYqQA1QUjPwSt6iGtWJhw3KviAkPgeWxa/TEgJMxbf+9LJ1SoA5efbs2WPZGjrXKhcvu6UKUAOU1Ay8krdqKghJrfOI34dl8Wu0hABTiZtYeBZ1SIC50FrGWLZ0btUcLLXubikBaoCSmoFX8pb1ICS1zsNHPWE5/PosIcBUcrMelDtYgriOUZmQufCDYEsXoAYoqRl4JW9dX2TnW/P6qCcsh1+bJQQ4By9PYwWYi3hP6ps6PAUvs3Otu1tKgBqgpGbglXwPxu0MLy8vH3YY6fBRT7Igy+HXZQkBzsHL01gB5iLer+K96hz84MES9cFCgBqgpGbglX4PxhNlO+N6kDjfmyzIcsTP37dLnqJ+h89pBjgHL2NjBZiD9+/fP5apubbf9YMHY4alJOM9Qe06QA3Q+mfglX4vqnGLI0uyS297FuT+/v7wQ4NZ8MMf/Rrl2DeiB3AOXp7GCjAHc2+/q6xCvO+VdvBgNO78ldowBqBEaP0z8Eq/J7W7yNXV1cFjXUMXsyA6pBDmx8/+mKqP6HVqTjPAOXiZGivAHDx9+vSxTM2x/a5nFUoNPuIgoAandK8GqAFa/wy84u9N3xlLqmH+t3/7t8evtVuIL1aHefDrkWNqylU3ogcwB7Fsqaz1BbsuwLkssf2uZxW83JaiBv26/zMNGmqC1j8Dr/h7VB1WnwKkr+M2hW/fvvWPDmYgfu5906hS9j2X4APmxNuFU2UvCnAuc2+/m8oqeLktxThNTOeVANQCrX8GXvH3amo0KHY0NFUL5ieOdJ0rU65gblLtwhgBzmXO7Xf90MHcgzW3FKAmKLEZeGXHn/URIpif1BS4HJlyBWuQW04BzsEXi5+7/a4fOqiAxMtsqQLUBCU2A6/s+LO+vgCWQTdb7fDin/+QGiEk+IC1GFtOycTBucQAQcHDOWjtSCyfOYF0CQLUBCU2A6/sezc157sTAABgaWKgOzWgVeChqVu+3XxtAtQEJTYDr+x799ScbwAAgKWJQYMOI8xFGZRU4FFb9kMC1AQlNgOv7NgvAADAksTTz6ecAK61i57J1++Ju2rVJEBNUGIz8MqO/bLeAAAAlkRTrrp7zuvXr/3bg8SdBbV+pNbAoxOgJiixGXhlx6/6CJK8vLw8ezcSAACAPuLmJ7n3G89+vHv37ug+VpsANUGJzcArO3711PkUGlECAACYk48fPz7eZ7SGI5d433r69OnRvatGAWqCEpuBV3b8qu/7/8033zz+/9xtEQEAAJyYsdBhgTkoeGkt+yEBaoISm4FXdvxZBSH+WCcAAMCcxAxG7unnz549e/zZ+P/aBagJSmwGXtnx0NRaEAkAADAncdpUzva7cft43bPu7++P7lm1ClATlNgMvLLjoX1rQQAAAOZCGfc44KWDBMfgC89PnWVVowA1QYnNwCs7Hqu5tL6gDwAAYC7i+R+634ylxYXnUYCaoMRm4JUd+42jTHd3d/5RAgAATOLm5ubx/nJ9fe3fTuLZj1YWnkcBaoISm4FXduz3xYsXj//P3aEEAACgD91TuvvL2K3eFah0P9Ni9kMC1AQlNgOv7Nivsh7+NQAAwLno3I+x9xYtMvedrlrMfkiAmqDEZuCVHU8bR6nIggAAwBzE+8wp3r59e7Q7YzyzqjUBaoISm4FXdjytZ0EAAADOJQYVffiaD/2/tV2vXICaoMRm4JUd8wQAADiHeOitgoo+4o5Xl5eXTZ330SdATVBiM/DKjsPGEajc02oBAAAiMbPetwWvZz9aXfPhAtQEJTYDr+w4rB9OqBQ4AADAFGIwkVpbqEMJ4y6Mre54lRKgJiixGXhlx2GVLo+L/k6lzAEAAE4R13G8fv364HsKTuIOWXIv2Q8JUBOU2JFo+pBXdhxnnLMrAQAApvDy5cvHe8mbN28Ovvf9998f3Gta3vEqJUBNUGJHoEYuVvKY3sV8AQAApnB1dfV4L3n//v3DY7e3t19++OGHg/uMDij0e0/rAtQEJXYEcVRFIyo+oo/DshgdAADOJU6x0mJz4ZmPvQpQE5TYEcQKTvAxTRajAwDAOSjj0d1DlPFQlsMzHzJO09qTADVBiR2BV3LMl8XoAABwDjGw+Ou//uuj+8zeBagJSuwIvJLjND17BAAAMJahqVZ7zXx0AtQEJXYEXslxHgEAAMYQp1/93u/93uP/WZf5swA1QYkdgVdynEcAAIAxXF9fH91DJMHHzwLUBCV2BF7JcbrshgUAADlwDtc4AWqCEjsCr+Q4Xd8NiyAEAAD6OBV87H3NhwtQE5TYEXglx+n6bljy/v7eP3IAANg5fcEH6z7SAtQEJXYEXsnxPHXjiKfZKisCAADQ8ebNm6N7hyT46BegJiixI/BKjuf7H//xH4//19aKuqEAAACI1Ja7BB+nBagJSuwIvJLj+frN5e3bt/6xAwDADolb7kYJPk4LUBOU2BF4Jcf51ZQsAADYN7e3t1+ePHlydI948eLF0WN4KEBNUGJH4JUclxEAAPaNZ8clU6/GCVATlNgReCXHZQQAgP2hrMcPP/xwdE+Q//iP/0jwMVKAmqDEjsArOZ5n39aKz58///L582f/+AEAoGFSWQ/57Nmzo8ewX4CaoMSOwCs5Tte3VvyLv/iLg68vLy85FwQAYAecynzIvsEqTAtQE5TYEXglx+nGka5uXq/fZLQAkV2xAADaJhV8fPfdd4////Dhw9H3sV+AmqDEjsArOc5jPPvj3bt3RzufKDABAIA2+fHHHw/a/N/85jeP/3/69OnRPQNPC1ATlNgReCXHeXQ09UpTsOJzCEIAANrn06dPB9kPDUr5PQNPC1ATlNgReCXHeUyhReiamhWfp1EyAABol1evXj22+WQ/pglQE5TYEXglx3nsQ1OzYhCiUTEAAGgTsh/zCFATlNgReCXHeTyF7/sOAABtQvZjHgFqghI7Aq/kOI9D5DwXAADqg+zHfALUBCV2BF7JcR6HiDclFqMDALTHy5cvH9t5sh/nCVATlNgReCXHeRwipuUlQQgAQDvc3d0dtPHv378/uk/geAFqghI7Aq/kOE0/cHAIX4ze/Q4AAKif2L4/f/786J6BeQLUBCV2BF7JMd83b94cfP3ixQv/mJOkghC25QUAqJu41kPTbT9+/Hh038A8AWqCEjsCr+SY7/fff//4fwUU8RT0ITwIYVteAIB6UZseD5316bY4TYCaoMSOwCs5nmdO8NHBtrwAAG1wc3Pz2JZrcMrbd5wmQE1QYkfglRzPcyrsigUAUDcKNp48efLYlv/0009H9wicJkBNUGJH4JUcz3MqnqYnCAEAqIu49uOHH344uj/gdAFqghI7Aq/keJ5T8bUgUts2AgBAHcTdrl6/fn10f8DpAtQEJXYEXsnxPM/BgxAdXDVlTQkAAKzL58+fD6bS3t/fH90fcLoANUGJHYFXcjzPc/n06dPBTUwLGgEAoGziduzPnj07ujfgeQLUBCV2BF7JMc/cAwjHEHdRUTCioAQAAMolBh2xDcd5BKgJSuwIvJLjeKceQDiEpl1p+tXcvxcAAOYnHjTYDRr5/QLPE6AmKLEj8EqO4z3nAMIhtAC9+90cTggAUC4xE+6bieA8AtQEJXYEXslxmnMGHx3x9wMAQJnELXffvn17dH/A8wWoCUrsCLyS4zSXIC5Gv7u7828DAMDGfPjw4bGd1iGEnHy+jAA1QYkdgVdynOYSaO1H9/u1vzwAAJTF9fX1Yzsd/4/zClATlNgReCXHaS6Bsh7xb5AFAQAoB98FMa7dw3kFqAlK7Ai8kuOwt7e3B3N+5VLEk3XJggAAlIEHHyw+X1aAmqDEjsArOQ4bd7/qXArPguimBwAA25EKPlj7sawANUGJHYFXcsz35cuX/rHOis8rfvXq1SK7bgGUiDKOV1dXX3766Sf/FsDqEHxsI0BNUGJH4JUc81wD3dw8va9Td3X4FUCr+FRHzsOBrSH42E6AmqDEjsArOea5FqkgRFs+vnv3zp8K0ARrTnUEGILgY1sBaoISOwKv5Jjn2vhNUP7444/+NIDq8XK+9FRHgD5ubm4OyiLBx/oC1AQldgReyfG0nz59Ovh6C7TVYxwdZmoKtMjW9QxAaCOQeCgswcc2AtQEJXYEXsnxtFoA3v3/6dOn/nGuhgdCLEqHVvC1HxJgC9Suqp3vyqHW3hF8bCNATVBiR+CVHE8bMw9br7/QGpDutVxeXn758OGDPwWgOlj7AaUQp7wqC3J/f39UNnEdAWqCEjsCr+Q43q3xecmSrUqhZlR+vUyz9gO2wKdeaa2dl01cT4CaoMSOwCs5jrcE1GGLmRCNHgPUSGqDBYAtSE298rKJ6wpQE5TYEXglx7Qlz0v39SDQHqnyp69byXilgg8yH7AVTL0qT4CaoMSOwCs5pi19XnqcKqCbJ7SFBx+dLeyA5sFHt8sQwBZol0GmXpUnQE1QYkfglRzHWdrobNydSxKEtMWpTlDNmZA3b94cvBeCD9iSjx8/Hgw2MfWqHAFqghI7Aq/kOGyJpE5KJwhplzhCK2vNhMTOHsEHbInKXgw4VDZ9eiuua2znlJkCqIUye4qF4RUehy2VVBDCKeltksqIqLNUE58/fz54/QQfsCXX19ePZVEdX21r7nUM1/XFixeP/1emlzYCaqHcnmJBeIXHYUvGg5BaR8ZhHJ4JkbpRlx54aupV3L2t9HoFbeNTAf1r3EYNqsR2orSpzwB9cEcbgVd4HLZ0FISwKH0f+NqfqM4xKBFfdC4VNANsgTq5sb1UJ9fLJ25nPBuIATWohfJ7igXglR0PTW1/WgPeMSUIaZd3794dnFnQ+fz5c3/qZqTqkax5AT20QWwr/+zP/uzL3/zN3yQPxMQyBKgBSuoIvHLjoaVvv9uHT8WSBCHto6xHidc8VY9YdA5b49mPbrpPamojliFADVBSR+CVG09b0xzUVBCi0T46fW0TF9N2bpFp6Mt6SC0upRzC1sTsRyqLiOUJUAOU1BF45cZ+ayQVhFxeXj7s8AJtkrrmcu3506msR631CNrDsx+ayuhr57zs4vYC1AAldQReubHfWlGHVOsB/P2UvlMSTEfXPJUJ2dqaMojQNnGxubIfwtfOpba7xm0FqAFK6gi8cmO/taMpOL71aak7JcF8lDCfHaAkPLuh7Ifw7GEJdQc5kBDqg7veCLyiY78toGkH8bTfknZKgmXYehSXrAeUhAcfvgW0ghAvw7itMZurbBXrx6B02ugxLoxXdOy3FXynJLIgALAHUsFHqjPrbT9uq6/Xubm58UsGUBTt9BgXxCs69tsScU1I300YAKAV/HTzU+2et/24vQo6uv8rGFFQAlAqbfUYF8IrOX41tYVoS3gWRNOyPn786E8DAKgedVbj+rdTwYfw+wFur65X3CpZW3kDlEpbPcaF8EqOX01tIdoavkuSbtDdYkwAgFbw8z5OBR+C7XjLVAvQu/+vva04QA7t9RgXwCs4pm11IW3q5lrK6dkAAOfi2d4xZyCxHW8dApQKpXMEXqHx2NbRqJJnfAhCAKAF4ra6Y3f9YzveOgQoFUrnCLxC712dldHy2o8+NEf66urq4H2/fv3anwYAUA2aUtq1Z7kLl9mOt3wBSoXSOQKv0Hs2NR1J7gUf9ZMaMfz8+bM/FQCgaNSeXV5ePrZlUwZU/F6A2xuzUTkBJcCa7KfneAZeufeqb9HY2erajz50045b9ErdxO/v7/2pAADFEtdtaIrp0MLzFH4/wO2Ng2S6bwOUCAHICLxy71E/5Ghoi8Y94Nkg7ZD19u1bfxoAQHFoXVts0zW1dgp+r8Dt1bXs/q9pwwAlQgAyAq/cezR3i8a9oPnTce98yeJ0ACgZnWcU2y2dcTQVv1fg9mpKMNOwoHQIQEbglXtvevaDczAO0dSrOI9aEoQAQImocxrbK029OueAVb9fYBkyDQtKhwBkBF6x96ZnP+AY3dR9cbo+NzJFAFASvnXumDM/ThHbPO2OGKf/4HYyDQtKhwBkBF6x9yTZj/GkdsjS1IZzRhcBAObCDw+cY82an//hX+M2+jQssiBQGgQgI/CKvRfVgL148eLxa7Ifw6SCEM21JnADgC3xk8qnbLmbwn8vlqN2qOz+P0e2C2BOCEBG4JV6D97e3h4trqYTPR7fIUvqZsBiQABYEw0k+bbhY087z8HbO9xeDYgpC999rfU+3IOgFAhARuCVunV92pXUqD7koW0u1eDHz1Gfq6ZBcBMAgKXRiLfWZcQ2aKldDP0+gmWoKcDxPqSAZInrD5ALAcgIvEK3bpwnrIZr6v7w8OUh0NACQP+MFYjwuQLAUtzc3BwNJF1fXy/W+fQ2DsvRz3zZ2+HBUCYEICPwytyynv1g2tU86HPUyKN/3nd3d/5UAICz8Cmgawx4xPuG/33cXgWk8Wuy8LA1BCAj8IrcsnHRGovO50eBSNyDf4m52ACwX7zzr3ZcZxUtje+wxeL08uRsECgJApAReCVuVb9xkf1YBmU9/HMHADgXb8PV4VxqypXjOwD69C/cXs4GgZIgABmBV+IWTd24YDk0F9uvQacWjTI6BQA5pNrwtYKPDv09b8+wHP1sEKZhwZYQgIzAK3FrlnDj2hs+WpiSzAgADKG2JJ7XtHUb7u0YliXTsKAUCEBG4BW4JQk+tkOf86lMSHd9AABSaAQ7nvNQQhseX0uc8oNlyDQsKAUCkBF4BW5Fgo/ySGVGCEIAwNEZH37OkDYR2boNj1N8WAdSnpqGFb8G2ApK3wi8AregUq/xa4KPckgFIdphhusDAEKj2N7RL2U6Dbtf1SXAVlD6RuAVtgXjyBnBR3mkghBt36tRTwDYL36onNry0tqF2G5pUw2mYpUrwFZQ+kbgFbY1CT7KRNdF54T49VI2hN1LAPbHx48fDwaPdMZHiW2BT73yr7EcAbaC0jcCr7C166NRUDa6Xk+ePDm4Zrqhv379muARYCeorscF5wpESgw+BNOw6hFgKyh9I/AKW7O+8FxC+aij4VOyJNOyAPZB3DFPAxA11Htvr7AMY0aKTU5gK+h9jsArb636wnOpXVOgHjT/W1sn+nUkGwLQJtq1SNMuvS2vgfiaWQtSjl6elLECWBsCkBF45a1RjaDHUQ8WntdNaloW2RCAdlDgodFpr+c1DRr52g//GrfRNznRdQFYGwKQEXjlrdE44qGFiwQf9dM3LatTI44sWAeoj9QAg6xt4Ii1IOWqchS/BlgbSt0IvOLWpmc/3r17528RKqavs9Kpa08gAlA+6hQqw+F1uJu+VCu+5sDfH25jvC7cH2BtCEBG4JW2NuMNTdkPaI+hbIgkEAEoF9XLuMuVrD3w6EitOfD2Cdc33jNqWVcE7UAAMgKvtDXpo01kP/aDrrUCTi8TBCIAZaG1W/F8D6mBo5qmW50itebA2yVc37gpgDY3AVgTApAReKWtxZubm4OvdQOA/XEqENHuWVrsCgDboJHn2CHX/1scjfY1B7i9avuZhgVbQQAyAq+0NXh3d8euV3BAXyCikde3b9/60wFgYXxqkupiyzvZsRakPJmGBVtBADICr7Clq0AjdjQ1r5jgAzr6AhGl4O/v7/3pADAzGnn2NVtqp1sfgfaAi7Ug28s0LNgKApAReIUtVXUstWgxPqYRJzqVkEJZD593LlkfArAcHz9+fDizJ9a5Fy9e7GKQiLUg5ck0LNgKApABVBm9wpaob7XbyQmncArdfLQOxMsNC9UB5uf9+/dHW2ZrKtKeUBDCVKyyZBoWbAEByAB+gJ9X3K29vb09ynp01nRiLmyLsmRKv3sZUkdBo7NK0xOMAEyjO9XcF5vvde0VU7HKkmlYsAUEICfwrIKmOHnF3drUFBq22oWp9K0P6dT3lDFpeaEswFxoupUGgjw73fpi8yGYilWWPg1Lm9gALA0ByAn8AD+vtCXKVrswB0OBiNRUEgUje5i7DpCDplo9f/78qM5ILTZXYLJ3Utvydgcv+uO4vLG86v8AS0MA0oPPSy0x++GvEWBuNEqrIONUMKIFtXsezQXoUOe5r65oagvZ6UNSmY/UY7i8ynr41wBLQq81gRZhxYro2yWWoAcfmqcPsCSakqgOlsqaL6SVZENgj2gdntY0pKbDyuvrazpzPbD2oyzJgsCaEIAkiDeS7gA/r6hb6sEHhwzCFigY8UCEbAi0jjZsuLm5OTkw1U1PZOOG8fgaBP9McXn9cwdYEkpYglgBCT4A+lEHK9UR06gv002gFbpdrPqyHJ1aw6AMOm1yPsqsdp9j3/oZXFeAJaGEJfBKWIoEH1AqqWyI1GMEI1ArXeCRKtudWvOh5zDN6jx89N2/xnWMmSgOMYYlIQBJ4BWyBJXyj18TfEBp9GVDOv/gD/7gyx/+4R8+/L/b7QagVJTJSAUe6qBphJ6zceYnZj60aL+Wg4BbMl4DrW0CWAoCkAReIbdWI0FxVILgA0pG5VU3rr4DMjt/+ctfUo6hSDzbLAmal8ezHrrvsVB9XeOOn5pySBsNS0EAYqRuPFuqyh+3ddQe8jQIUAtDwYhGmPV9RpKhBLqDA2MZJfBYF//82ZZ3feNap7dv3/olApgFApCAb78bF8VtpXZS6f6vhpg5mVAr2h1L60G8jHdlm0AEtkIHB6bae7LN2+DnbnFA4brGgVhNhQNYAgKQQGnb73o2RqlogNr5/d///aOy3kkgAmuh9l2dWm0d7eVQEnxsi2c+/GtcTl97A7AElKxArHBbBx+ejdHNEKAFFGDEsv3Hf/zHR+X/lBoN1Wg1i4BhCsp2aJpPaoG51DRXplxtT2rtB5mQbQRYAkpWwCvdVqpTxaJzaBWV5bhblsq6plzEtU456uc0VZEDEKGPbi3SqXM8ND2QMlQenvnwr3EZ/WBIgLkhAAl4BVzb29vbo8W66lwRfEBreIax45xARLKoHYTKl8qSMh3epkYVkGiqK+WlXMiEbKMfDAkwNwQgAa+Aa5saneMAN2iVWM5z0Ci1Mh6nAhXWkuwPjdLqvKRTZ9FIDsesE898+Nc4r74lMlkQmJu8O3/jeAXcWtZ9QMvEsj4VBRgaCdVoXWpOvzoprBdpE2WMtUPPP//zPycHb6L6vrIhWv8BdZLKhPhaSZzXeCghWRCYm+l3/gbxyremvuMVQOssUd6HpnDpe6prjObVzx/90R8dXV+/1qwNag/PfPi9E+fTsyAAc0KJ+l80muaVby19FEcjtgCtE8v83AwFIlKj4kzFqQ+dhZSaZqWOqUZp1Z6S7WqXVCaEIGQdAeaEEvW/DKXwlzR1/ghA68Q6sBQa/VaHRVurer2Lsi6gfD5//ny0hXOngg7YD76TniQIWV6AOaFE/S+xkmmusFe8tST4gL0Qy/0aqAP79u3bh0Dj1M5ICkaUhVSnVqPtsC5qA7VWQ1lpdSo1jUprPVJrfNYsP1AWqSBE924/RA/nE2BOKFFfvu6e4hVtDVPb7gLsBa8Pcs1DBruzIbwOut0CZoKReegLMIayVNG4OFbCPkkFIXEHPC83eJ4Ac7L7EqUGLM4V143QK91SpqZ9AewFL/sp11pIPDYY6U7JJlPZzxwBRp8qD91OVvFx2C8qbx6QSgKReYyL/lWfAeZi9y13nDeqiqZRTq+Ac5vKfEiNsgLsBS//Q661TqM7T0KdmlPTfvai2ioFEEPOEWBIfeb6ffr81T7rWijo8J3L4s8A9G08oft6auE6jtPXXemzBJiD3bfcMQuxViNF5gPAOpD/76tjDhmUawUjQq9Jf8u3/8Rpjg0whoi/E6CjLxBhkfo0fZqb2kGAOdh9y+2VbSk/fvz40LEi8wHwlVgHugAkOnTIYGcXjGiBuRaaL4V+txamX15eHr0G/Nm5Aowh4t8EcFKBiO6/vu09DqsgJH4NMAe7L0le0eZWnSJfJBcF2CsH9SARgLjKRIxZp7HWuhHYFtpRGMJH7zvJhpwnwBzsviR5xZpLBR6pqVZRMh+wZ2JdUFChbIcHHX2OXTS+5lQtWJd4nQH6UBCiNsDbhmjX/vjjmBZgDnZdkpYcBUkFHxqJUWACAF+O1lQ8zC1OBBtDauMITfMZWgRNMNIW8doCDNGXDYntjz+GaQHmYLclyeeBap65V7Kpaq54/FrTQbQGBAC+9O4CJz24yDUeNpgaBEip18LAQH0clBuAEYzJhsR2wfsJ+FWAOdhtSYqdE42K+CKrKarzo6yKL5gFgJ/pCz6k6o8HFec4dt2I7M6XgDqI1w5gKkOZjyVnStQqwBzssiR5huLc4KMv8JAKbgDgZ4a2u37YZz4RTJzr0LoRPc4Bg+WjDJofGAswlaH2KLYPHGz4VYA52F1J0vzvVKAwVaVoU7/vcVEtAJzE685RHUoEE3OpzkSq/iZfB2yGPv++wFECzMnQehFvHzTN+tyBzNKNmSKyxTAHu2u5fV742EYmZSo1S2cFIA+vQ9GpC9NzHLP7DYdvbUeqnXUB5iZnvYjU+UCa8umPt2JcJ0u2GOZgdy13rFBjOh59asQjfk3gATANr1tutxjUA4c51dQK/7spqefrcGqjgpQAS5M62DDl2CldtenZYo4RgHPZXcvtlSpXbfnp2312i9gBIJ9Yl/7v//n1g6mFoXMvUB9j6nWQDVkez1QftLP/e23i9wC2QgMSPo1zTNauRn3QVuvqAKayu5bbK1SOOmvAOyQEHwDnEetTF4CcGkVcIyPS2fc6NBoI09HnmpPh0PSPGHzI+H2ALVF74BsjpFSZV+ZAA5n+vVqM09afP3/uHwXAaHbVcp8zKuE/q0DkYbceADiLWK+6AKTz1GLQtTMicfBB/+92xIHxpDLIQ/p16Dx4DsDGnGqrUqoeKKNQ2+J1ZT3i1wBT2U3p8QOFcg4e9OBDDYdupABwPrFueQDSBSF9i0E1mvgQBCQ6qHObWidCIHJM7vqNUz7MM09cCxmfB1ACp9qqXGvZ9hdgKrspPVMPHvTggylXAPMS65cHH25qlPEgCEh0VOe0byEqgcjPpNZvuI8Z5MRnPNb4+wBqQLtkKUDxqdynjG2Lf28r4+t/yEQDTGA3LXesPEPBh9KiqRE8gg+A+Yl1zAOOlKqDmnvs9TPlUmeJnApEujMB9oY+k1S76T5mkBOfa47xdwLUhA4v1qwMbd3r9WMuVRe1LkUBgv6Wzu7wQ5in6tlgpqPDFHbTcnsF6tMzHp0EHwDL4KNpHnD02RcEuA+7ViU6sHPY9xq6MwH2gkZnU6O6/nnN6cHfAWiMvrblXFVPFZgoE6P2VlMmfV3HkJ6JfmhjATJpvuUemo+s7w+NQjzuwAIAs5MaTfNg45Tn3qjnyJL0vYbWRgb7ssMpT63fmOKpDAtAq/S1LUuovtDY6V4+kwQgl+ZLzan5yIr6U6N2kowHwDqkRtM8yJhiX91OOVeWJHUmgKY+tEBfdthVh8k/l3Pty7B0AsAhmuaotkf1VoMBynp429TnlHUnALk0X2q8kqgi6l91evpGFch4AKyLj6Z5MDHFvjM8+oy7zngHOEf9fNxqVr+35vZE88Y9S9WnAkn/PM5Vf39o10IAGIfaIgUmGixRcKI629cXUiCi7+t5b9++fZhW6s+hDsJUmi81Xkk6tVA0VjK21QXYllg/NTVSI3a6SXpgMaenRtXPOfBQQYiPNj7+vkr4+PHjQzvp78NPJJ/TMVO8lGHRtYuPAcD5jJ3upala3WAudRCm0nSp6Zsy4I+3Nk8boEZiMPCrX/3q4d+5pmP1OSZLovbCO8pjVGfaf9fj7ysYjXT6VsedSwYf3i6n1N/vrl18HADmY2wgEi29XYPyaLbl9oMH+3yYMgAAm9M3zceDhqUcc9PV6HzO+RV976mEm/WYbEN83+cu1I+eWlCesvv78XrF7wPA/GhmiLLRaq80DTJOLR3ysc0A6KHZlvvU4vNOFpoDlIMvRu/0QGEN+15Lpzaw8E71KVO/b8sgZEy2Qeo1KyPi7+cchxaUd+2yXxM3/gwArMfYAxXZnhdO0WzL7RXBZaE5QHn4YnTpHc+11GvRTdZfj9RBiN6xHjIVhMi1RgrHZh00eKO1H1oD4u9hijmZlq5d9muRMv4cAKxPd6Ci12PqJoyhydLhW8eR6QCoBx9V847nVvphXblZENkXhCw9UtiXdVhyTYccyrR0C8qnGH8PAGxHbFu8zgP00VTpSB06qDndBB8A9eALw73juaXKfMTXNmWnrL7MypyZkFRb6D5mgROvMddux6yhvxmNC8qnGH8XAGxH31o36iacoqnSkbr5PRyKBQBVEeuwdzy31LMgnQ/rORId8yE9KzFXJuTUGrg5Dwo8tWNWdOy6jhzj7weA7ejL7FI34RRNlQ4fOWWHK4A6ifXYO55b6/vfRzUIokzA2MyCt1nynCyIsjGpgZjOhzYx8Tpyvbm5ORnkRHPWdeQY/wYAbEtq/R51E05B6QCA4og3MO94luKpUT8d1KWdYrzj3mfMhEzJgmgxqE8Pe+wAJP7eVE/9nW7HLP+clvLgPQLA5nhGl7oJp6B0AEBR+DQn73iWZN96js6xZ2d4JiQHBTp9WQ9la/xvTTX1d+KOWf7ZLO3UzwsAlsHbsYf2B6AHWm4AKIK+6UPe8SxZBRxPnjw5eP2Pi8sTnfpo8mcG0GJzH3VUQDR2CpirDIfWs6Sug9v9Hf8M1nLK5wUAAGVw4Q8AAKyNb93Yee5OSVuY2vL2YVpVosMfTf7MAJrqFZ8/JtBJ2QUeHjyl7P6Ov++1Tb0uAACogwt/AABgSdR5PTXCrmk9St2/f//+qNNZiz4VQQ5lQlI/00fqUMH7+/uj3zlGZZ7GBB5SAY/+jr/fLfTXJgEAoA5osQFgNfoyHZ1LbNe6pcmsRiIIiPqhXk4qw/LQ+U78riFT16MLlPy9lKa/7ofPAAAAqoAWGwAWZyjrIZfarnVLU1mNoUyIH+r1T//0TwefZWob4L7F5mM+d39d/h5K1V+//Pbbb48e20p9nldXVwcq4Ivq81amLwoAsAcIQABgUVKj7K1lOob0jMWpTEhqe9++z/LUoYL+3FPWeD38PbQqgQwAtAgBCABMJmeEvbPFTMeQqUxIZyoj0neoV/TUoYI5wUet18PfB542FciM8VT91vd0LozKN0EPAORAAAIAk8jp5MoaR9nn1jMhnamMiD8n9Vn6z6SCj1Y/9/hZ6mvPHOn7W75vnY3iWQl11GPmQtPtvMM/9oT5Un327NnD+9KhlPoMAABSEIAALMSU7ECr1jrKPrc5mRD/vn+WMejoK2utBh+y+yy1/qV7TO9Vn48e1zkl/jO16oGMOvcxkJHKRMRARoGAl4eSVfnVoZYPZRsAmocABGABfBS6ZVvu5C6tZ0RiJiQ+7lmOUxkPrsvXs1j8MZzfu7u7h22cFezFM2nOUb/nw4cP3qQCQGMQgABMoG/EeW+S2TjPVEaky4LExzzoGAo+uC64hTrQ8vb29qFcKgvjAXZNqn3XVDIFswAwPwQgAJn0dfpS7nkUGscbO2pdFiSWIw88UsEHZQ1rVoH32AMx11T1kUAEYH4IQGBTNFrWaiaBUWgca8yE/P3f//1RneiCDo0wK/Dw7xN8YAuqk+9bUJfq45otAJgEAQisQotTluj04RKmdkFS8KEzP1IjxJRDxPlVfXv69OlRfXNZPA8wDQIQWByfKtKCZDdwCVN1pTvlPBWYUA4Rl3VsIMLieYA8CEBgEdRo52Q84laaiHtUuwnFOqHgIq75iN9TRtF/HhHXMbV5RJTpWQDDEIDA7Ggeb2r3E6aKIPYbMxypgwZjXfKfRcRt7Fs8/7CZBAD0QgACZzNmITlTRRBPG+uLBx8EIIjl2rd4XvdFZTYB4BgCEDib1Nz0Tk3F8sYaEY+N9caDDwIQxDpMZf+1tgsADiEAgWzG7milESFvnBHxWGURY93x4IMABLEO+9aHEIQAHEIAAlmkdumhY4R4np5F9ODD653/PCKWpaZR+rQsghCAnyEAgZNo/uqYbIdkJyvEPFPrp7ptdztvbm4Ovq/1VP57ELE8CUIA+iEAgSQ6cfn58+dHQUYnO1ohnq9nPmQMPu7u7g7mlFPvEOsyFYS8f//eb7kAu4MABI7QYUo+KhtlRyvEefS6FbMfqmPxALRnz55R7xArVPX26urqsS7r/srJ6bB3CEDggVMLy6+vr+n4IC5grGe+7uP169eP31MW5P7+/ujnEbEOtVVvPC/kYbABYMcQgMDRAtfY6eHEZcRl9Hp3atG5dtbxn0fEutT9NNZrTbEE2CsEIDvHOzqdl5eXjLgiLqQ2d4j1TdMau+DDv8d21ojtGNeDaJ0lwF4hANkxHnywwBVxHePi867edQFI6nv+84hYp8p6xPsuwF6h9O+UOL+cjg7iOqa23Y3Bh/Tv+e9AxLolAAEgANkdmlal3XQIPhDXd2jbXc9K+s8jYv0SgAAQgOwKHWgWzxQg+EBcVw8+4ra7vvaDAwcR25QABIAAZDf4yKoCEXbWQVzXg45HyHyw9gNxP8aBQE5Gh71CALIDPPjQFCx2uEJc31MBSPwewQdiu7569eqgvhOEwB4hAGkcDz4YWUXcRq+LMfjQIWXxe/6ziNiOugfH7XgJQmCPEIA0SGqnHYIPxO1Mre+IAYjWgnTfe/r06dHPI2JbpoIQTYsG2AsEIA2S2mmH4ANxO1PrO7rgwzMj7969O/p5RGxPD0K0NgRgLxCANIgHHxptJfhA3M5YH2Pw4ZkRTj1H3JdqD2IbALAXKO0NEhszb+wQcT1T0yHj1KtUZsR/ByK2LQEI7BFKe4MQgCCWYWo6JDtfIWKUAAT2CKW9QQhAEMvQg4948KAHIP6ziLgPCUBgj1DaG4RODWIZHnQsQuBBAIKInRxMCHuEAKRB6NQgliEBCCIO6QcTsh0v7AECkAahU4O4vb69rgcf/n3/eUTch2zHC3uEAKRB6NQgbqtvr+sHD6a+778DEfcj2/HC3qCUNwgBCOK2prbXjQFI6vv+OxBxXxKAwJ6glDcIAQjitsY66MGHr/0g+EBESQACe4JS3iAEIIjb+enTp8OOBGs/EHGEBCCwJyjlDULnBnE74442T58+Ze0HIo6SAAT2BKW8QQhAENf39vb2yw8//HBQ/969e8faD0QcJQEI7AlKeYMQgCCubwwuHjsRrP1AxJFyICHsCQKQBiEAQVxfDz5evnx5MgDxn0fEfesHEhKEQMsQgDSIj6J4I4eI8xs7Dh54EIAg4pB+IKG8u7vzWzxAExCANIiPovz4449HDR0izisBCCKeq4KQq6urx3bi+fPnfosHaAICkAbxURRlRLyRQ8T59K11PfCQ/hz/HYiIUlmP2FaQBYEW+f+eZ5+u3Dqb0AAAAABJRU5ErkJggg==','png'),('test2','1/8_person_2_on.png','プロフィール','2024-10-02 15:22:08','2024-10-02 15:25:11',0,'iVBORw0KGgoAAAANSUhEUgAAAyAAAAJYCAYAAACadoJwAABrg0lEQVR4XuydPYhdS3qu+4zP4AGPQc6O4doczGDayVihMMYIDGbAYIRxICdGiUGJQThS5AkcnLBDhRM2OFHYocIGJwo7VHiii+AmDnV5+3i1vn53rb1Wrd+qWs8DD1Lv3t29915Vteqrr34uvgAAAAAAAGzEhT8AAAAAAACwFgQgAAAAAACwGQQgAAAAAACwGQQgAAAAAACwGQQgAAAAAACwGQQgAAAAAACwGQQgAAAAAACwGQQgAAAAAACwGQQgAAAAAACwGQQgAAAAAACwGQQgAAAAAACwGQQgAAAAAACwGQQgAAAAAACwGQQgAAAAAACwGQQgAAAAAACwGQQgAAAAAACwGQQgAAAAAACwGQQgAAAAAACwGQQgAAAAAACwGQQgAAAAAACwGQQgAAAAAACwGQQgAAAAAACwGQQgAAAAAACwGQQgAAAAAACwGQQgAAAAAACwGQQgAAAAAACwGQQgAAAAAACwGQQgAAAAAACwGQQgAAAAAACwGQQgAAAAAACwGQQgAAAAAACwGQQgAAAAAACwGQQgAAAAAACwGQQgAAAAAACwGQQgAAAAAACwGQQgAAAAAACwGQQgAAAAAACwGQQgAAAAAACwGQQgAAAAAACwGQQgAAAAAACwGQQgAAAAAACwGQQgAAAAAACwGQQgAAAAAACwGQQgAAAAAACwGQQgAAAAAACwGQQgAAAAAACwGQQgAAAAAACwGQQgAAAAAACwGQQgAAAAAACwGQQgAAAAAACwGQQgAAAAAACwGQQgAAvzP//zP1/ev3//5dWrV1++//77LxcXF0Wp1/Tu3Tt/2QAAAACbQAACsACfPn36cnV19eU3v/nNSYe/VH/729/62wAAAABYHQIQgEw+fvx4n+FQB/7FixdfLi8vTzr3NamMyO9+9zt/mwAAAACrQAACMMDnz5/vg42nT5+edN771HPfvHnz5ebm5sv//T+/KkZND0tlaX7xi1/cfw8AAABgbQhAAHroAo8nT56cdNhdPefly5f3mYQff/zxpONfkgo0tD7F34MyObe3t/4xAAAAACwKAQjAl6/BxphF48puaOqVnq+pWJqS5Z38WtS6FX9/P/zwg388AAAAAItBAAKHZmyWo1sn4R34FtT78vfPAnUAAABYCwIQOAwa2R+T4ThK4BHVtLHnz58ThAAAAMDqEIBA89zd3X159uzZSXDhHiXY6DO1QF3TywAAAACWhAAEmkSBxNhsx9EDj6iCkJgJ0VoXAAAAgCUhAIHm0NQhDzKktprVNCzvdONjlfWInxtZEAAAAFgSAhBoir7gQ1OwNBXLO9uYVpkPsiAAAACwBgQg0AwefGg9g6YUeecah/UsCAvSAQAAYCkIQKBKdML4uTUeBB/z9cMKCUIAAABgCQhAoEq+++67k6CD4GNZU7tiaRobAAAAwBwIQKA6fHpQ9OXLlwQfC+q7Yr1588YvBwAAAEAWBCBQDe/evUtOu/JOMy7r+/fvHz5rZZ4UlAAAAABMhQAEqsAXmHdqipB3mHF545S36+trvzwAAAAAoyEAgeLx4EOd4devX3/58OHDSUcZ1zFeA21pTBYEAAAApkIAAkXjwQcLzPfxxx9/fHQdLi8vv9ze3vrlAgAAABiEAASKheCjLLUAPV4P+bvf/c4vGwAAAMBZCECgSAg+ylQBx5MnTx6ui6bDAQAAAORAAALFod2uCD7K1adjAQAAAORA7wGKI+64RPBRpr/4xS8erpHOZQEAAAAYCwEIFEccXSf4KFMd+NhdoxcvXvglBAAAAOiFAASKIwYg3vHFMvTT6MmCAAAAwFgIQKA4CEDqUJkPsiAAAACQCwEIFAcBSB16FkQHQwIAAAAMQQACxUEAUo+vXr16uFbff/89J6QDAADAIAQgUBwEIPWoLXnjrmWvX7/2ywkAAADwCAIQKA4CkLq8vr5+uF7anhcAAADgHAQgUBwEIPUZrxkAAADAOegtQHEQgNQnAQgAAACMhd4CFAcBSH0SgAAAAMBY6C1AcRCA1CcBCAAAAIyF3gIUBwFIfRKAAAAAwFjoLUBxEIDUp3a/6q7Zb3/7W7+kAAAAAA8QgEBxEIDU55s3bx5dN4IQAJjK58+f79sQHW4a25WS1GtTu6ezkAAgHwIQKI7YyHtHF8tUJ6D/5je/eXTtCEIAYCw//PBD0QFHn8r+6rUDQB4EIFAcsXH3ji6WayoI4cYMAOe4u7v78uzZs5OOfW0y4AKQBwEIFEds1L2Ti2XrQQgnowNAH1dXV4/Wj0WVDfnd73530saU4vv37788ffqUIARgIgQgUBwEIHWrICReQwAAR5312E50U5m8PSlZH3CRHz9+9LcKAAnoHUBxEIDULwEIAPThwYemYGkqlrcjNagg5Pnz5w/v5cWLF/52ASABvQMoDgKQ+iUAAYAUHnwog6BOvLchNamsR3xPTMUCGIbeARQHAUj9EoAAQESd9FevXjUXfHT6e5PdOhYAOIXeARQHAUj9cjAhACjo0FkZqe11Wwo+ZGo9iGQjDoA0BCBQHAQg9esHE7IdL8Ax+PTp05e3b98mg45Wg49OvadUJgQATqFmQHEQgNSvjwYyCgjQNtfX18kMQOd333335fXr118+fPhw0l60KFlggPMQgEBxEIC0IdvxArSPAg8FFx5wHDHoiHoWmCAE4DH0CqA4CEDakVFAgHbRGo/UQYLKhCgw8fbgSHoWmDYQ4DEEIFAcBCDt6KOArAUBaAN1sONJ4Mp2aO2H1oB4O3BUU0EIbSDATxCAQHEQgLSj34BZCwLQBgo2Yr2u9SDBtaUNBEhDAALFEVP6P/7440mDjnXJWhCAtvDDBDWq7/Uev0obCHAKNQGKI44WvXv37qQxx/rk5gvQBh58qL32+o6nxs9MWxQzFQuODr0BKA6dHNs11M+fPz9pyLE+Y1ZLC1cBoD5SwUeL53msYWqxPm0hHBkCECiOz58/Mw2rMV++fPlwPV+8eOGXHAAKR9logo/pKuPhAQhtIRwZAhAoEqZhtaVG+uKNFwDqQYNAcVCI4GO63hayNS8cFXoCUCRMw2pPAhCAOtFhgl3d1da7BB/zfPXq1aP2kPUgcEToCUCR+DQsjRp5I451SQACUB++7uP9+/cndRvzZGteAAIQKBjNj+0aaP3fG3GsSwIQgLrw4IMdr5aTrXnh6FDqoVh8rixZkLrlZgtQB8pAxwGgLvhg6tWyxiz/hw8f/DIANA09ASgasiD7qA6IRj+1X33shExRvyOu6ZEAUCa3t7cn9V7r8Ag+ljfuDqjPXJ8xwFGgJwBF41kQb8BxWbvA48mTJyeBxBx9D3wAKI+rq6uTuqoF0wQf66jdxWJbq8X+AEeBngAUT7wZegOOeX769Ok+G6FOhY9yrmncRUfqxgsA5eDrPRSIqK3wNgSX1bPDbMsLR4EABIonNs7eeGNa7VQzN8Dopk59+X8XixhHVvV/tp4EKAMPPrTV7t3d3Um7guvo621oG+EIXPgDAKURG2ZvuPFUPzQs16UDj843b948+jtsPQmwPx58sNh8e9mWF47IhT8AUBrx5ugNN35VQcNQ1kM3Nt3oNMKmxaYeJKytMjPx9QDAfhB8lCPb8sLRoJRD8cTRfK1h8IYbf3XSkehUh9+DgL2N15P5zgD74G0Gwcf+EoDAkaCUQ/FoC8iuUWZR5K/usxdDmY6uQ+Gd/xL0qVjMdwbYlnfv3p20FQQf+xuvCUDrUMqheOJInXZv8kb7KGpR6LNnz04CjVRHwjv9Jcl8Z4B9+e67707aDG9vcHvJDsORuPAHAEpDJ8R2jbJG/r3RbsW5h//pUKvSg49O5jsD7EM8W0lnUBB8lCPZYTgS3PmheHSDbHkdSO7hfw9b2CY69jUZ3xMAbIMOG+zqnbZ/9fYI95PsMBwJ7vxQBTWuA7m5uflyeXl5EkDMUVOwNBXLO/M1Gt+XM3adSwvqfeqgxvvrCrAysYOrYMTbLdxXssNwFCjdUAW1rQPRNIcpZ3GsdQZHicb33TFmnUvL6r3r+t9PpQNYEGVa/cA7tVPeduH+xmsE0CqUbqiCmtaBqPOok4S9c3nOVgMPfRa6dspoaI3KUbIaa6nPT9nAt2/f3n+m+mzJnMAQOvPH657KkbddWIbxOgG0CqUbHpE6zE5fq/Oo7+mU7T3wdSDqeHmjvbepaUN6za1MmRpjLD9TMkDxc9Pn6Y+3qDqHyurN+bykpvtpKpfqBkCHpoJ62VJ5Y/F5ucZrBdAqlG54wA+m6lOj+xqBvT9Je0MUBMXXUMoN9Ny0oRYWi491bPkZslvn4o+3rqbI6HyGJdYNaZtVghEQsTwpEKllDd2RZTteOAIX/gAck6mdR+3ctFV2RL8/Nsx7LqBMZYpcdQC9k96KqWxPnwoo9Fmoc62gtXu8y3Doe/4zmFaBWTelTYMAmkYzFLAoGFEdVX3ZetAA9sfLj7dlWJ5sxwtH4MIfgOPhwUd3MFX3tTot6uyMWdewdnYkbiGpYERBiTfea+ufV3w9rWc8zmV7Or384DZqQbE6LmMCQ11DPff6+vp+W2toE7WP8bp7W4Zlyna8cAQu/AE4Ft6ZHuo86oam0X+NqI49t6JPdZQUUOTgC7z1OrzxXsOhjEcL2+MusW1wdxiiP47bmhOMSGVJtENSt7Ad2iCOpKvd9HYNy9XbUYDWoFQfmNzgI2VOdqRPdXw0/30scUcsuXYWxD+nzu7z8o58jeo6+kLVcx5pkXjtKjBWAK2pbjn1lCxJ3fiU1ffv35+0bVi2sT4CtAal+qBoPn5s3KYEH+6c7IhG3nO2E43pab0Xb7jnOrTGoRvp9458jSr4O/de3aMuEm9FlVtluxRYaw3J2MBTWRIFJAQjdUD2o35j/QNoDUr1AfGRsSWCjyl6ZkFBi0bpxqBAp/u5JfezP7fGoaWMRzQeTtZtG+zvHdtWU7YUyGt71jHT8BSAr7XOC5ZBAWN3vch+1GmscwCtQak+IHHXoW47W+9gbKVujJ4tUSdoKBDRqH0MopaYhqX1KH2jwTVmPDRSrelxOdmNGNjhcVX9GpMlUbCuKVpQHvE6eVuHdRivIUBrUKoPhmcd1NH3TsXWasQ9NeqqwORcMLLkNCz/XGre0UodwvjZjFWftT+G2KmMRzyLJ9ptKJGzlgvWw7OY3t5hHcbAn80hoDUu/AFol9S6D+9I7KU6LnEqkNsFI3GdyFLTsPxzqXFHK31+CqLitIsc9dnvmQnDelRmTesLPHM5RgUqXo9heeI00jltI+5rDPhVd+6z8ACNcOEPQLvEzule6z6GHLN9qG6oyor4NCyNEHkDPsbU5+Id/FLtAo++zqDejzIi/jjiXFX2lPU4V1fPqXrM9K3liQMq3Zoub/OwDjW1OLbt94fbAjTChT8AbeJTjEoMPtyhYESP/+Vf/uWjr/W+vBEfMv7OWoKPc4GHAiqt/dBItX8PcQ0VSPRt3jCk6q2mOzJ9az6+wYg+V2/vsC5jpp8DCaElLvwBaA8PPvrmcZesFsT2TdH65ptvHv6vESJvwIeMv8s7+nvaBRl9AZir57GIHEtW9bhv6qc6V0zPmgdb77ZprCcArUBpbhwPPkqdejXWbmen1Mh/5z/8wz9kTceKP+tBwB6ey26kJPDA2lQ91mBBXxnXYAOLbvPw7Adb77ZjrBsArUBpbhhfXF178BHV+1Cn+9zJzpqKpDnq3pi78Wc8GNhaTZno65S5BB5Yuwq21U71ZflUv1XGYRiyH+0a6wRAK1CaG8VHw1oKPlytFfnXf/3XLz/72c9OvqfPwBtzNz7fA4Kt7DsAkSADj+K56Vls83seb+/JfrRlrAsArUBpbhQfDWs1+Ij2ddS9MXfjcz0w2EJlPfygN52L0vd+EFtWwbimZ3mdkMoO6ntMz3qMt/fexmHdxjoA0AqU5gZJjYb5jbxVUyOo3pi78bkeHKxpKuvRHYDo7wHxaCrbobrQd7aNHicYSbf33sZh3cZyD9AKlOYG0U25a6zOrZFoUd83XXpj7sbnepCwlqmsR3cAor8nxKM7tM2vghHt7qdpWjqx/UiQ/WjfWNYBWoHS3Bi+69WRsh+dPnVp6CCu+FwPFJaWrAfidFV/1MZpiqJ/z1U9U+dcwYt23WoRsh/HMJZrgFagNDdEatcrvykfxT//8z9/+L86Id6g9zbuiaBhrud2+SHrgTjNnGBEKkuic0bUSW8Fsh/HMJZjgFagNDdEnCvd8q5XY4yZH30u505Ijz/nwcMcNYe97/BEsh6Iy6lgRJlPTT8dM+1U0zRrD0bUpsXppmQ/2jWWXYBWoDQ3ghZidg2URtuPHHx0xoBM0zC8UU827olAYoqah07WA3Ef1f5pW19lSJ4/f36y3ipaazASp5qqrfF2DdsxlleAVqA0N0JceK6Twv0me0Tjehh1QrxRTzbuiWBirMpo9AUd6uAQFCLup84L0pSlvjoqFYzoOVpbUTpxLZnaHm/XsB1jGQVoBUpzI8TRfo2++431iKoTEb/WiKE37CeNeyKwGFILXH1headGXn1RPCLu61AwonpbciCi1x9fq16nt2vYjrFsArQCpbkR/AaKP6mtObv/60ad2hErPt+Di3NqjYeyLL7tb6cWxzLVCrE8NT3Lg49vv/325HmlBiJx8bnWmXmbhm0ZyyRAK1CaG8FvnPiTChJiR0NBgS9Ij8/3ICNlX+DBwnLEOuw73PDnP/95chF7SYGIsh9xTYuCKe+wYlvGsgjQCpTmRvAbJn5VU9LiDVvrMXob90TAEdWWuh54SBaWI5avpkN65iParaXTgvS+QERr7DQIsQcaPEm9rk69ty5Q8k4s1mu8xgCtQGluAD98EE/VCcnxa31mycY9EXR0pj5n3fBZ44FYvqn6O2RfIKIMigYjtmbse4gZG+/MYn3GawvQCpTmyvEbUlzzgI/1Mzm6ICQ+5kFHX/BB4IFYj15/O+PugefsC0T0mLZA3wKfepUjmZG6jdcSoBUozRXjN9WjHz44pD4bPx3eP0MPPFLBB58zYj0uWX8ViKSmcGlwQ7vhrYVPvdKUT2+nZF+g1ElmpE7jNQRoBUpzpfiUojk31SOZCkKifkNfsvOCiNu6Rv3Vz2uzCV8Lps69MiprZETi++h28/O2KicQkWRF6jFeN4BWoDRXiKfil7ipHslzQQjBB2Ibrl1/1XHvm8KlNSJLBiNx1y4FPx5wDHkuICErUr7xegG0AqW5MlKp+CVvqkcxFYSow9DdsLXANH5v6c4LIq7n2sFHVNkIb0uiSwQj8fd5cJEjgUidPrr+AI1Aaa6MVCrebyQ4Tt1oYyZJN+fuRh1HHNfsvCDism4ZfESHTleXU4IRf+0eVEy1LxjpzjPyTjDu56PrD9AIlObK8FS83zwwz/gZ6rPVzV435/gc7wAgYpnuFXy4SwYjcbc9/T4PJObaF4jos/SOMO5jvC4ArUBprgy/SeA81TnxoM47MYhYvl5v9wo+3LHBiDYWSaFptt3zpqz/GGsqECEIKcN4TQBagdJcEZoy5DcunK9uvN3/v/3220ff41wVxPItNfhwh4IRvY+Int99T1OjdA/wwGFJU2vjCEL2N14PgFagNFeEblxdI+QjVTjPOMrYWWonBhG/+vbt20df11Jv+4KRGITENl9njXjAsIapIESvQ497xxi3MV4LgFagNFdCasF0bJRwnnGkUdbSiUE8qtqAwwcOaqy3qQ5/F4TEs0Zubm5OgoW1TL2my8vLL7e3tyedY1zfeB0AWoHSXDipk3fJfqxvbZ0YxCOptRBxQEbWGHx0pjr8r169evS1Bwlrq9ekrIu/Vrbq3d5H5QCgESjNBeNZj06yH4h4RFNZj27bWH9ubaaCEP++BwlbqF24Uqe+E4hsZ/zsAVqB0lwwcf5v57kbFCJiq6ayHgpGWjoLqS/rIBUEaL3LHoGIAo3UvYczQ7YxfuYArUBpLhTPfpD1QMQj2nLWo0+ttfApWJ3asnfL9SBRnVny/Pnzk9fETlnrGj9rgFagNBcKO15tp27mvs4GEff18+fP9x3b1rMe5+y2F/YpUFKZkrW35e1TgYgHhVLtaJel8U40Tjd+xgCtQGkuELIf2xoPIkTEfe0CD+90t571GDK1FkNf3x9gmAgS1vbcmhV2zFrW+NkCtAKluUDi4XdkP9ZVnR1/DBG3ty/wkEfKepxTn1FqapY+H20l7kHC2ioISb2eThaqL2P8TAFagdJcGEptx8ZGo0jeqOM0NXrKVCvEsjwXeKi+auTfHz+6uk8oy+CPa/qTPk8PFLYylaXp7K6ld65x2Pg5ArQCpbkgNJoUMx7nRpZwvKlFrIi4rwQe89T9IrVGRlNK3717dxIcbGXfjllSr9U71zhs/AwBWoHSXBBxfrNuymrIvQHH805ZUN51drrP//Xr1yfPQcTl/Pd///cv33777cnjBB75aoAltTOVBrOUKfEAYSv7dswiE5Jv/PwAWoHSXBBxMbQWFnrDjcOeW1B+9EWsiHvbl40k8JivNitJDb5ot6xPnz6dBAhb6lkaMiF5xs8OoBUozQXhNw4crzovqZtvJ4tYEfdVgyreEZUEHsupaVkaZPFpbd3J5WoDPTjYwtTAj9prFqmPM35uAK1AaS4EpltNt9srHxHLlDq6rbqf9E0l1WCMgr49TlRPBaBdcEQg0m/8vABagdJcCBw8mOfQWo++my8ibqsHH6kpWLiOynj0LQhXlkSZCQ8S1jSVCelUIMLakLTxcwJoBUpzAXDwYL6ptR660WpUzx9HxH304IM6uo8KRLSrYioDoWvkgcIW6j6XGmzTeSbeAT+68fMBaAVKcwGQ/RjnuayHDm+kY4NYjn3Bh/Dn4jZq62Nt0etniOwVhEgFIvH1aNG8d8CPbrxWAK1Aad4Z7U5C9mOcqawHIpbnueBD+PNxW3UtfGrWnkGIsh7+WrwTfmTjZwPQCpTmnYnzoZkbnfZc5oO1HohlqdO449cefAj/Gdze0oIQP3hXbTsL038yfi4ArUBp3pG4IE9ZELaJTUvmA7F8dfCcT+1JBR/Cfxb3saQgJPVaurObvEN+JD07BNAKlOYdiR3rc7uDHFnNWfbHyHoglqNGqbUGyx/vCz6EPxf3M9Xx17rEPbbp1d/UGhB/jUedkqXPI64L1cnyAK1w4Q/Adngji4/VYkk/UAsRy1CDA+oYeh192N71DP67cF9TQYimBO91gnrfDlmainukrXrjdMZulgRAK1z4A7ANHDx4Xl/EKv0GiYjb2xd4SGVC1LYNETfeuL29Pfk9uL2pIETXWMGABwhbmHo9UmXHO+ot6vfAoaAeoDYu/AHYBrbePVU3utRi827Uyx9HxG3ty0pq7YfWgIwlTrOh/StL7/hK3a88QNhCBSG+OF3qce+wt6TqWXy/CsQAWuPCH4D14eDBU/0z6eTgMsQyTHVMu8GBXLSwljawXBVM+uYfWn+g7JcHCVsZA18FvMqcece9FeNnf24tFUDNXPgDsD5kP05NLSzncEHE/VWnM7ZZcmrgEYm/Ux1K6npZalBIQUd8TNddwaMHB1t4dXV18hpb2yErteU8wQe0yoU/AOuiURtG/h7rI6t8Joj727fWY6kRWc96pjqYuL/ePu+5LkRBr5dHvT7vyNeqBx/d+wNokQt/ANZDN/TYwBw5+6EbSaqxTS06RMT17auT0aWCj47YudW0E7IgZaqAwzv+Chg9QNjCVGZGquxq7YR36muybzt+FqBDi1z4A7AeceHlkQ8e9BG1TtZ7IO5jX53sXGLKVQrV9zjf3U9Rx3LU/coPmrzfFjYRJKxt3w5ZsvaMSKouqr8A0BoX/gCsg08vOOquTr67RyfrPRD3MdXh6Vwr8IjEtlEdLbYoL1dl8WP2Ya/dsWTfDlmdNZ4Z4v2EKEBrUKo3QDuKxLnO5xrN1k3t7uHPQcRt9OBj6SlWY9Dfi9NRfcE7lmVco9dNm/PgYGv7MiI1nRniO8Pp/cSvWQsCrXHhD8Cy6CTZ2OnWjZZO90/yOSBur9okjQwr6xgf3yP46PCNJ9QZ89eN5RjvadfX1ycBwR72ZUSUUfPOfml6EK5T6PWYB+MEIdASF/4ALIcaEDUkXeOhRXy6+XsDeQRT2wsi4jqOWVAe3TP46IgdsLheDsvTM2cqa/cLpROBwR7GzIH+X/p2vfHzjOtDU5kdghBohQt/AJYjjsaoUdFUrNiQHEk/1AoR19E7h0OWEHwIz3po0MJfK5Zh3zqdvc4IcT1zIFUvvONfivH+6DthEYRAq1z4A7AMvtj63OKyI5o6eBAR5zkm+NBgiDo06ujoXKKSiNPC1CnTomd//ViGqU6+MlceDOylpvX5VvelLkz3z9ElCIEWufAHYBniiAadbURcWw8+Ssls5KCR9dh2pub0Y1l65qqULIhMddxLXJjun2nK1HshCIGaufAHYBm84fDGBBFxrsoQaBFwSQvK56L3E98LU7HKN67ZeSh7iYBgD1OL0z0A2Fv/PPskCIGWuPAHYBm84TiyPjKLiNPVCLOmT8UNLqI1Bx8dTMWqS8+C6MDC++l9iYBgL+Pr8wBgb/3zPCdBCLTChT8Ay+CNxlH1tTA+UouIw6oDrk7G0GYOLQQfgqlY9ZmaalzSzljxdXkAsLf+uQ1JEAItcOEPwDJ4g3FUOXgQcbpd4KEtvP17nRpt1oJgTVVqCZ+K5aPsWJ5a4O1lVbs/ejCwh36onwcBezl1hgBBCNTOhT8Ay+CNxdFMnftB8IE4Tp0X9Pbt25POnFRHSnPulV3U81omri3gbJA6VPYqTg/UfaCENSG+a1cJZ4P47pi5MwRSQYjsdvsCKJkLfwDmM3VEoyWHpoog4qka9U91KOQROxWe9fAT07FMFYTE4FnTszwg2FrvrO+9G5bKdszKTJ0h4O+rU78boGQu/AGYjqZL+ChL7ohGq6bmByMeXWUwFFRojUNf0H7EwCMS21Q/1wHLVWU2fl3CVCzv4HtQsJV6HbEsK2Pkry1H/WxqnRRAyVBCF0Ijcz5dYuqIBiK2a7euw6coumo/lBE5OhpNjyPFZEHqMY7MlzIVK74+Dwy2Ms6SUNm+u7s7+eyWEKBkKKEL4aOXBB+IGB2zoFztiNZ+tL62I5eYBdFnRNtahz4VS+t49JgHBVu692J0bU8cX4PWovjntpQAJUMJXYhY6T31fDRZA4P41XOBhzoiGqxQJ+T+3ARIos8wDvL44l0sV78fqszfTylMBAdb6NOkt1yMrnIcM599Z/ksJUDJUEIXwiv+UfXggzUweFTPBR5HX9cxhRh0cDhhXabWJ2gRtgcHW+iLtrdcjB53clO7oEynfy5zjdmV+88YoFAu/AGYhjcCR9QPHWQaGh5VBRcEHsuitiRmQXwkG8tWa3d0Zk33tTrjHhxspd+XPFBYQ78/rrWWyQf9aHOgVC78AZiGNwJHlEMH8ehqMWlqWgWdgGWI03k00qv1BP5ZY7n6tsp7ZUFkfB0eLKxhvD+mMkJL6Z+xZEteKJELfwCm4RX+6BJ8YMuO3cmKwGN54valbO9dn364pAcGWxlfkwcLaxj/3tr3x1S9ACgNSuUC+LoHRGzTc+s6ohpx1OJWWB6fupIa8cVy9eultT0eHGxhfA0eLCxtCX0EgNKgVM7E53X6/MsjqBHeoZFgxJrVYlFtjzsUeEhNwdJULFiPOM0tjqhjHfp98ubm5iRAWNv49z1gWFIPPvy9byVAaVAqZ3L0dQ/euCK2pA4CjDvmRJletR+pUXS/PliufhK4Avv7oD0RKKxlfD0eNCyl3x+37iP4mScAJXHhD0AesbJv2bCUoGd/OlPzTxFrUh1aP1y0k8CjDHwk2admYdkqqxjrmOqVpjh6oLCW8bV44LCEfn/cOviQvlMc00KhJC78AcjDK/yRPHr2B9tTHaC+KT0q48qIQBmovYlTsTTa65kRLFs/Ffz58+f319WDhTWMr8ODhyUs4f6YOvMEoBQu/AEYDwdhfXWPxhVxSdUZ8rVM6kRo7YdGa6E8tA1vvGa6Xmsc7obrqaA+fq0MugcLaxj/pgcPc/W+wZ73R//bAKVAaZzIhw8fRi1IRcRyVMdAHR7tw+/Bhqvn3I/GQtFo7UBsi7W2wDuAWLYK8uPXW6wHiX+vm1bpgcQUNfWq5L4BQClQGifi88P7Fqoi4r5qWo7mPqcOCEypaQqs8agL7aIUp/LQHtdnvGZau+ABw9LG8iL1tQcTufqic39fexnf6/3hjwAFcOEPwDBxnnHXWfEKj4j72Z3X4QMFQ15eXrKFbqX4ol82w6jLuImA6u3aa0E0KOGvwQOKHL38dVkV/xt7GDdsuD/8EaAALvwBGCZu+di3YLV1UyM9iHs75qBABRkaYb0/ewCawqfysCi9LuOAwf2GD4nAYWnj3/egYqxai+QZOF97sadeD8iCQAlc+AMwTAw6jrj/vI/0+HaYiFsa13WkAg91DFRnVW5ZTN4+ccrLUQeIajUObGlHLA8W1jD+fQ8sxhq3u9UapJKCj85YF8iCQAlc+AMwTOzk+MjCESxhe0E8tmPWdXBexzHxNtm/xnJVJiF+fT9gkAgaljT+PQ8sxhrviaWeR+P1AGBvKIUT8Ip9ZAk+cG27aVVDu1Z1EniAj/Z6GcFyjRms+4PzEkHDksa/7YHFkJrGObZdKk2AvaEUZuIjNIi4jmPWc3SyrgMiPtrrX2O5xoXbynB6wLC08W97gDFk7iYXJQmwN5TCTHyup1dqRMxTazNyRxFZ1wFDkAWpUw08xAXda0/Din/bA4w+FSSl2qyadl4D2BtKYQa+00Wpcz3XlAwQLqU6GmM7hkyrglw866Htlb1cYZluOQ0r/l0PNFK2sgMkwN5QCjMg+/F4x6ujfgY439vb2+QIokvgAXOIAW5sv7Fst5yGFf+uBxudysLoNfXt+FhT5qMTYG8ohRnUsNPFmn748OHR1+pE+nMQO3MWj2sL3fuDxwAWRGuCujLWHW7nZQ/Lc8tpWPHveuCh7Etf+1X7DpAAe0MpzMAr8JFUQxszHuow+nMQZc7icXUyyHDAmsQOpM6L8TKIZRqzVzpg0gOHpYx/sws8NF3v3BbftQcfEmBvKIUZeAU+kvHARXUsWQuCsm8x5hi1c5Vu9ABrolHsrszpcDsvh1imqeyVBw9LGP9mX1umgRIFHSpLrWT+AfaGUpiBV+Cj6Ivvj3j6O546ZjEmazhgb7z98sXpWK6evfLgYQn9b0ZVbmIA25IAe0MpzMAr8FFk8f1xzVnHESXwgJJgS9469eyVBw9zVIblT//0T0/+ZqemYLW8cxrA3lAKM/AKfAR99PCIi++PaM46jm4+NECpeNbDv8Yy9am+HkRMVe1bqm1rYW3HWAH2hlKYgVfgFtWoUDfarX//7u/+7uF7ZD+OoTIXqZtzSm1LSfABNUAWpH49kJiiDi9NtW9/8id/cpjgQwLsDaUwA6/ALepTbb755puH/5P9aFvdfFP72TOdClrAsx5j1jBhWXowkWvqmnftmz/eugB7QynMwCtwi7a64A7Pq6kOvu0kgQe0hm8fnuqQYrl6QJGjMh/xdx018OgE2BtKYQZegVs2rvvAttW2kvGQTalMCFOroDVUpjXPP5b1lhcat+ASBxL6WsYjrfXoE2BvKIUZeAVu2bjzFbbj0LkduklrpBCgVdTxjOeB0NaVbbxW921TIsDoU2sadd5Q/H1ay3j04EMC7A2lMAOvwC2rBvqv/uqvHj3GdIW6Hbp+yoIoGwLQOnE9W3fIndcHLMM4LVibB3iQ0afW/KQy+axl/EmAvaEUZuAVuGV1Q/71r3998vhQJxbLU1tODo3yapRR0xQAjkKcdqhD7rxOYBnGzQMUUIw5EV3PSe3a6NPvjizA3lAKM/AK3LIx0PjZz37W+z0sU40a9k214twOgC+P2rE4zQfLM7ZlHz58OAk44vbxroIW1vmcCrA3lMIMvAK3bBwd/M///M+TkSOCkDLVjdZ3s4oSfAD8hB9yR5tWrnH3MmVzPQDxTTSi7OyYFmBvKIUZeAU+iiK1eww37DIcWlgu2VIX4BTflpfOapnGdRtaVN4FHkNtX+pcI/xJgL2hFGbgFfgodhCElGff569pB+pMAUA/qTZNW716fcJ91To23463r+3DcQLsDaUwA6/ARzGSumFLjUL5QU+4rBoFPDfa16kpWJqKBQDD+ILlIx9OV7Jxnc6//Mu/nHxfkvEYL8DeUAoz8Ap8FJ2+IEQyKrWOfpCWy9oOgOnEdsunZWEZxmv0y1/+8uH/HCo4TYC9oRRm4BX4KKZQg993oyYIme+5XV3cly9fEnwAzEA7K3X1aWy9w22N1+jJkyf3/+pcEIKPaQLsDaUwA6/AR3GIVEaEIGSe53Z10VQsAFgOtWExw6iOrdYdeN3D/fRr9N///d8nz8HxAuwNpTADr8BHcQwEIfMc2s2lU58xACzP27dvH9U1rQthQXpZxnUgrNWZJ8DeUAoz8Ap8FMdCEDLNoc8IALZBZ0zEuqepPre3tyd1EveRtTrLCbA3lMIMvAIfxRwIQvrNWdfRqV1dAGA7NLIep/ro/4y2lyFrdZYTYG8ohRl4BT6KuaSCkGh3KJ4/Xrs6d2POTZGdrADKQFmPbqFzJwMp++vrQPw0exwvwN5QCjPwCnwUpzAUhJzbUrY2deaGzt7wx3NkJyuAstD6j3g+iCQI2d/Y1sYT0jFPgL2hFGbgFfgoTuXcVr1HlmlVAHWgnbB8IIUgZF/jOh2uxXQB9oZSmIFX4KO4JC1lPly9N03DAoB2SGVzW5xCWovxs9d2yf59HCfA3lAKM/AKfBSXRB10//0tqGkBmooFAO3hQYgGG1TfvR3A9f348ePD/8+dl4TnBdgbSmEGXoGPIgDA0dF0rLjJxOXlJadw7yQL0ecLsDeUwgy8Ah9FAAD4aXes2Plljds+ciDhfAH2hlKYgVfgowgAAD9xdXX1qH1kIfT2ciDhfAH2hlKYgVfgowgAAF/xxc8EIdvKgYTzBdgbSmEGXoGPIgAAfMUXpUuCkO30Awl1Zos/B88LsDeUwgy8Ah9FgCFubm7u52VrPjbAESAI2VfWgcwTYG8ohRl4BT6KAEN022FqVBLgKBCE7CfrQOYJsDeUwgy8Ah9FgHNoe1LKCxyVVBDy+vVrtoddWdaBzBNgbyiFGXgFPooAjg6U7LvpAxyNVBCibGCrB6+WIOtA5gmwN5TCDLwCH0WADp3+rFPfvYx0qhMGcETUIfbdsSRTstYzrgN59+7dyfexX4C9oRRm4BX4KAIInX8QRxyjyoawAP3YaEoMGxF8+fL+/fsvT58+fVQ/CELWMZ7Jkgr+sF+AvaEUZuAV+CgCeAeqm14CILTeIQanRyc1JcvrEM5XGdnu/yp/+tz9OZgWYG8ohRl4BT6KcCw0gt23vkNqCpZu/AAdb968eSgfGv0HgpCtjG1VXJiO5wXYG0phBl6BjyIch6EOkjpU6lgBRPxMBviJVBDy8ePHk3qF041b8MZAGM8LsDeUwgy8Ah9FOAZDizhfvnxJ8AFJVDa6cqK5+PAV1ZkYoLFWYVm15qb7/+Xl5cn3MS3A3lAKM/AKfBShfXwOP5kOyMFH9fU1fMU/n6FMI47XzyHCcQLsDaUwA6/ARxHaRwendddbc/gJPiCXOLJPFuQUP62bIAT3FGBvKIUZeAU+itA23hHSlAaAXHyUnyzIY1LrQVg0jXsJsDeUwgy8Ah9FaBNNXfBFmxwkCHMgC3IeXw+iHZzYOhb3EGBvKIUZeAVuyZubm96tV6EtFHgo6/HkyZNH15l1HzAXz4JohB8eo/VWse7F6Y+IWwmwN5TCDLwCt+R333138lgntEFf4CEJPmAp4lqHboQfHqOtimP982mQiGsLsDeUwgy8Ah9FqB+t60gFHuogcm4DLIkC3TigoRF+OMW34/XpkIhrCrA3lMIMvAK3oo+++XuF+vEMF4EHrImmdMbyxlSsU1KL0rU+hG1lcQsB9oZSmIFX4Bb0w+d0oJi/V6gXBRm+tofAA7YgHk7IVKw0+kw8E6LD9O7u7h49hri0AHtDKczAK3ALxpHxuA4gPgfqxDNbXE/YEi22ZirWOLyuarpkPOEbcWkB9oZSmIFX4NaMI5TxcaiDczuZddIJhC25vr5+VP6YitVPap2WL1ZHXEqAvaEUZuAVuHZ91K3vvUId+DqPTna4gj1hKtZ4NPVKU7C6z6uvTiPOFWBvKIUZeAWu2b61H6n3CmWTWucRrysdPtgTpmLl4YvQVbd/+OGHk7qNOEeAvaEUZuAVuGb71n6k3iuUi2exuGZQIj4VS+UW+vnFL35xUqf9kEfEOQLsDaUwA6/ArejBh79XKIMxazwkI8xQInEqliQI6SeV8fDdshDnCLA3lMIMvAK3Yoqh78P2nAs+UlksgJJInXtBEHIez3r414hTBdgbSmEGXoFbMcXQ92F7UqOiknUeUAsEIfnEzIcOKtSaGm8DEHMF2BtKYQZegWvV1w2kGPo+AMAUCELy8KyH1of0DUbgPLUBgMriuWyzq+fWuF0ywN5QCjPwClyjHnz47lcd8TkAAEtCEJKH1nUNteU43S7w8HNYxpraNKB0AfaGUpiBV+Da9K13z60biM8DAFgagpA8dFDh06dPTz4vb+cxT90XpwYeUWVC/B5bsgB7QynMwCtwbQ5tvRuJPwcAsAYEIXn0fV7e1h/NmIHIWSOT+uy6KVVjSGU+Pn36dPJYiQLsDaUwA6/ANXsu+BDxuQAAa9HXqYY0qc/rzZs39497O38U4+cxlIXoO7g1J/DoSK3FqWU9CMDeUAoz8Apcs0PkPBcAYA6pTjVBSD+pz+vy8vLL7e3tSVt/BGOn3z+XaCrj0f3M0KDcOeLvffXq1cnvL1GAvaEUZuAVuGaHyHkuAMBcUp1qgpB+9Hn1HU5Y685MU43TrjQtKpUN6suMLLGN+YcPHx5+Xyq7UqIAe0MpzMArcM0OkfNcAIAlIAjJR4FGahF1an1Cyz579uzh/9fX1yffz1kDmUsq4CldgL2hFGbgFbhmh8h5LpSHdszpG4mbMtcZYCsIQvJRBsA/M6/zqU55S8b1GD4N6ubm5tHXSwYfHf56ShdgbyiFGXgFrtkhcp4LZaHOyNDop74PUCoEIdM5V/fjVKHWvLu7e/i/Z4Ri9kOugb+e0gXYG0phBl6Ba3aInOdCGWiUry/rkRKgZAhCppHamalT7UON04XGGtu/LtjSIYPxOTrUcQ3i38jZCngvAfaGUpiBV+CaHSLnubAv5wIPTcWKcF2hJghC5qPOsGcE1F6cC1Rq9e3btw//19bEav/8va9FzDzp/6V/vgB7QynMwCtwzQ6R81zYF59e0KmOm8N1hdogCJlP345YHz9+PHmsZn03Km8bU23iUijgiX/r3FS4EgTYG0phBl6Ba3aInOfCvvi1PTfFgOsKNUIQMh/vIMvnz59XMV0oR894dG6x8YYyLv53SxVgbyiFGXgFrtkh4uiNRsmgTNQJm3pd6cBBTRCELINnPdQmKDhpJRDxHbA619j5KoX/3VIF2BtKYQZegWt2CB3O1D1Xh11BefjBWrpmQ/goqOYpA9QCQcgyKEvq94ROTV2qOSBJZSF+9atf+UewGv63SzEGnsoSAezNcE8UHvAKXbND+CgZWZDymHKwlnfg2I4XasPLsCQIyUcd9adPn57cG2LbUGMgovLxzTffPHz9t3/7t6PaxqXw11OKV1dXD/9nUBFKYLgnCg94ha7ZMaiR6p5Pg1Ue8Xrm3GB9G06ALdBubVpzoMzdXAhClmMoEIkqO+KZ19L9r//6L3/Lq+J/vxTj/VzBCMDe0PvIwCt0zY7BsyBQFnOuzZyfBZhC3Cp6iWCBIGQdxgQkvvasZLU175b43y/FuDifGQ1QAvQ+MvAKXbNjmfIzsA1zrs2cnwUYw7nzaeQSwUIqCNG0oZyMIKQZE4iUlhFJlTll3bbEX1MJsv4DSoTeRwZeqWt2LFN+BrZh6rXx0Us6a7AGfgZDyiVGYlNByOXl5Zfb21t/Kswg9Tl3epuyl6kyt/U6N//7Jcj6DyiRvJ7LwfFKXbNjmfIzsA1Trk1qtBJgSVKj0H0u1RlS5zjOce9kl7dl0efct83tWPfImiwR6I7F/3YJsv4DSoTeRwZeqWt2LFN+BrZhyrVJjRACLMlQGfMTopdEh835QXQ6HRuW51xGZIxrZ01ioLRlp9tfRwmy/gNKZNnWv3G8UtfsWKb8DGzDlGvj5SDnZwHG4OVLZ05ElJVYs/xp29hnz549/H6NuDPNcB3mZkRUNpbY5jeVdYvTjsackbQU/tpKE6AUKI0ZeEWu2bFM+RnYhpxrk7pBj/1ZgDFo0bKXsT7GPGcO6tR6JqSzmwIE2zM3a5JjXHita74V/jpKE6AUKI0ZeEWu2bFM+RnYhpxrk5oW07nEbkRwbNTh96lV58rlmOfMRdOx/PVQ7venb73Okiqzstd5R/5aShOgFCiNGXhFrtmxTPkZ2Aa/pjn++te/fvQ1i3VhDtr61suYT72KxOetSep1uRodV7AC2zJmm99cvczF722Fv6bSBCgFSmMGXpFrdixxVFOjnFAOfk1z9KkQW29VCW0RM2zqWA4Ry+KWeLmn/LfNHuXMy9be+hobgFKgNGbgFbtmxxJv1sybLgu/pmPUCGH3/72mKEB75Jaj3OcvSWrhtI+cQxvsUc7i3yzBmAVUxgmgFLarlQ3gFbtmxxLnUW99oiycx6/pXAGmkluOcp8PMIU9ypm3q3vqa7PGZCcBtmK7WtkAXrlrdiyfP39mGlah+DWdK8BUcstR7vMBprBHOfN2dU/JfkDJbFcrG8Ard83mwDSsMvFrOleAqeSWo9znA0xhj3Lm7epekv2A0tmuVjaAV/CazSFOw9JiU3aMKQO/pnMFmEpuOcp9PsAU9ihn3q7uJdkPKJ3tamUDeAWvzTga8uHDB397vfg0LHaMKQO/vnMFmEpuOcp9PsAUti5nOlvG29U9JPsBNbBNrWwEr+S1+fLly4f/a+977QYzlrh7koT98es7V4Cp5Jaj3OcDTGHLcqbpyfHvxfvt1pL9gBpYv1Y2hFfy2tSoyJMnTx6+zj2AK/4u2B+/vnMFmEpuOcp9PsAUtixn8SwcrZv0bc63NPdcHoA9WL9WNoRX8hqN6zlkznSq+HOwP35t5wowldxylPt8gClsVc40pbn7O93sAm9f9xKgVCidGXjFrtWYnpVjmfIzsB5+XecKMJXccpT7fIApbFXO4sGWb9++PWlb9xSgVCidGXjFbsWxcB5IWfh1nCvAVHLLUe7zAaawRTnzhee3t7cnbeueApQKpTMDr9itOHYtCOeBlIVfx7kCTCW3HOU+H2AKa5czX3ge75GlCFAqlM4MvGLXbMxmdF8PEdePPH/+3L8NG+PXdK4AU8ktR7nPB5jC2uWspIXnfQKUCqUzA6/YNfvDDz+cPDaEnwfCNKx96LJVfv3mCjCV3HKU+3yAXD5+/PhQxrT74xrEclxK8LHF+wZYAlr/DLyit+YYmIa1P122yq/fXAGmkluOcp8PkMvV1dVDGXvx4oV/exG8DS3BLd43wBLQ+mfgFb01x6wFYRrW/uiz7/5dUoCpnCtHajPUtnh563s+wBKo892VMXXK18DLcglu8b4BloDWPwOv6C2YuxZE07Di82F7us/dr+VcAabSV458h6CUAGsQD93VtKSlGVO2t1bTouM9fY33DbAUtP4ZeGVvwSlrQXKeC8vz+vXr+3/9us0VYCpelnIEWJq110F48PHy5cuTcr2H8Yyvp0+f+ssGKApa/wy8srdkHDXRqa7niD8H++HXcK4AU/Gy5J7bIQhgadZcB+HBx7myvaWe/Xj//r2/dICioPXPwCt8S8YRHM3XVoPaR/w5dsLaD7+GcwWYipelqNqWcx00gKVZax1E6tyPc2V7S8l+QG3Q+mfgFb4lFUjEObPdNJ8UcZRF/9c0LtiWc4t6pwowFS9LOQIszVrrP0o+9yO+NrIfUAO0/hl4hW/NuMOVVKo5RRxpkUML12Ed/PrNFWAqXpZyBFiS29vbh7K19PqPWG5LCj5cgBqgpGbglbxFY+pa9gUhGmGJz4Pt6T57Zav8Ok4RYCpelnIEWJK4RuPVq1f+7Vl42S1VgBqgpGbglbxFNaoTDxuUfUFIfA5sj1+7uQJMxbf+9LJ1ToAlefbs2UPZGjrXKhcvu6UKUAOU1Ay8krdqKghJrfOI34ft8es2V4CpxE0sPIs6JMBSaC1jLFs6t2oJbm5uVll3t5YANUBJzcArect6EJJa5+GjnrAtfs3mCjCV3KwH5Q7WIK5jVCZkKeIC7xoEqAFKagZeyVvXF9n51rw+6gnb4tdrrgBz8PI0VoCliPekvqnDU/Ayu9S6u7UEqAFKagZeyY9g3M7w8vLyfoeRDh/1JAuyPX695ggwBy9PYwVYini/iveqOfjBgyXqg4UANUBJzcAr/RGMJ8p2xvUgcb43WZDt8WszVk1V8DnNAHPwMjZWgCX48OHDQ5laavtdP3gwZlhKMk49U7sOUAO0/hl4pT+KatziyJLs0tueBbm7u3v8ocGq+LUaY9+IHsAcvDyNFWAJlt5+V1mFeN8r7eDBaNz5K7VhDECJ0Ppn4JX+SGp3kefPnz96rGvoYhZEhxTCdvh1GtJH9Do1pxlgDl6mxgqwBE+fPn0oU0tsv+tZhVKDjzgIqI1hdK8GqAFa/wy84h9N3xlLqmH+t3/7t4evtVuIL1aHdfHrlDI15aob0QNYgli2VNb6gl0XYC5rbL/rWQUvt6WoQb/u/0yDhpqg9c/AK/4RVYc1br8r9XXcpvD6+to/OlgZv07RvilXBB+wJN4unCt7UYC5LL39biqr4OW2FOM0MZ1XAlALtP4ZeMU/qqnRoNjR0FQt2Ba/HkMy5QqWJtUujBFgLktuv+uHDuYerLmnADVBic3AKzt+1UeIYFv8eqRkyhVsQWqq5jkB5uCLxeduv+uHDiog8TJbqgA1QYnNwCs7ftXXF8D2+DWJaoSQ4AO2QmVNOxF5OXTJxMFcYoCg4GEOWjsSy2dOIF2CADVBic3AK/vRTc357gQAAFibGOhODWgVeGjqlm83X5sANUGJzcAr+9E9N+cbAABgbWLQoMMIc1EGJRV41Jb9kAA1QYnNwCs79gsAALAm8fTzKSeAa+2iZ/L1e+KuWjUJUBOU2Ay8smO/rDcAAIA10ZSr7p7z9u1b//Yg8QwNrR+pNfDoBKgJSmwGXtnxJ30ESV5eXs7ejQQAAKCPuPlJ7v3Gsx/v378/uY/VJkBNUGIz8MqOPxlHkVyNKAEAACzJp0+fHu4zWsORS7xvPX369OTeVaMANUGJzcArO/6k7/v/zTffPPx/7raIAAAATsxY6LDAHBS8tJb9kAA1QYnNwCs7flVBiD/WCQAAsCQxg5F7+vmzZ88efjb+v3YBaoISm4FXdnxsai2IBAAAWJI4bSpn+924fbzuWXd3dyf3rFoFqAlKbAZe2fGxfWtBAAAAlkIZ9zjgpYMEx+ALz8+dZVWjADVBic3AKzueqrm0vqAPAABgKeL5H7rfjKXFhedRgJqgxGbglR37jaNMHz9+9I8SAABgEldXVw/3l1evXvm3k3j2o5WF51GAmqDEZuCVHft9+fLlw/9zdygBAADoQ/eU7v4ydqt3BSrdz7SY/ZAANUGJzcArO/arrId/DQAAMBed+zH23qJF5r7TVYvZDwlQE5TYDLyy43njKBVZEAAAWIJ4nznH9fX1ye6M8cyq1gSoCUpsBl7Z8byeBQEAAJhLDCr68DUf+n9ru165ADVBic3AKzvmCVACNzc3Xy4vL0/K5xi///77+0PPtA0oAGxPPPRWQUUfcccr1feWzvvoE6AmKLEZeGXHYeMIVO5ptQBLo6ycT8mYouaUf/r0yX89AKxMzKz3bcHr2Y9W13y4ADVBic3AKzsO64cTKgUOsAcaOV1y9xsthFXHBgC2IwYTqbWFOpQw7sK4ZJ0vXYCaoMRm4JUdh1WnLy76O5cyB1gDTbnS1KlYLlUONSUjF2XxvIyn1N97+/YtU7UAFiau41Adiyg4iTtkyaNkPyRATVBiRzK244Gnxjm7EmBLvvvuu5MyOScTp1OYU78zpeae397e+q8AgIm8fv36oX69e/fu0fe8Xra841VKgJqgxI5AjVys5DG9i/kCrEEq05FSHZi5aI758+fPT353jnqt3oECgPPEeqfBAJGq+zqg0Otc6wLUBCV2BHFURSMqPqKPw7IYHdbGRz9TboU6Pz4VpE/qA8B4Yr3SQIAYU/ePIEBNUGJHECs4wcc0WYwOS6IOvo94DrlE5iMHdY6mTgEhOwJwijIesY70tQNxmtaRBKgJSuwIvJJjvixGh6UYsx6rdLw+9El2BOArMbD467/+65P6cnQBaoISOwKv5DhNzx4B5DIm+Ng60zEV1YdXr16dvH5Xz+nmugMcmaGpVkfNfHQC1AQldgReyXEZAXLw4KNbj9UafdkRdb7UwSIYgSMSp1/93u/93kk74PXliALUBCV2BF7JcRkBhuib491q8NGh96ZD1vx9p9TnQ2ACrdOXLST4+CpATVBiR+CVHKfLblgwFs94dLYefEQ+fvx4v4FDKghLSZYEWqSvLcDHAtQEJXYEXslxur4bFkEIdPRlO6I6g+cowYczJRi5urryXwNQFeeCj6Ov+XABaoISOwKv5Djd1Pz2u7s7/8jhYJzrZBwp4zGFocCEIB9qpa9dYN1HWoCaoMSOwCs5zlM3jniarTpPcFx03oWXkc4jZzym0BeMsJMW1EZfu0Dw0S9ATVBiR+CVHOf7H//xHw//11QROpnH4ebm5qSD3Em2YxlSmcaU3WFuAKWR2nKX4OO8ADVBiR2BV3Kcr99crq+v/WOHRvFrHyX4WI6xO2lxKCiURtxy19sHfwy/ClATlNgReCXH5dWULGibc5kPWcsBgrXRNy0r+uOPP/qPAeyC2oknT56clFFNx/TH8LEANUGJHYFXclxHaJtzmQ/Ynrgltv6vIIVABPYm1U4w9WqcADVBiR2BV3JcR2iPc1vrPnv27P5fMh/74FtiSwUiP/zwgz8VYFXOZUf/8R//keBjpAA1QYkdgVdynGff1oqar/7582f/+KFS+q6zhDJ4//79l6dPn55cHxamw5aksh6yG6TAcQLUBCV2BF7Jcbq+teJf/MVfPPr68vKSc0Ea4FzwQcajPDwQUSaEeghrcy7zIc+1I3gqQE1QYkfglRynG0e6unm9fpPRAkR2xaoXv55srVsHyj7GzqAGA7husCap4COuTbq9vT35PvYLUBOU2BF4JcdljJ0bjcD6ziec4FwPfWs9CD7qQh2+2AGUuq7KXAIsjdYbxbL261//+uH/qamBeF6AmqDEjsArOS6joykfGnWNzyEIKR/PeHQSfNTJ1dXVybWkLsLaaAe2GPxqUMrLIJ4XoCYosSPwSo7LmELTQPwEZ3blKRdf09OpPfsJPuoltUOW1PodtuqFNYhljuzHNAFqghI7Aq/kuIx9qOMagxBOai6X1JoeaAevi119ZJcsWBKyH8sIUBOU2BF4JcdlPIfv+w5lEq8RwUeb6Lpqi2yvvzphHWAJyH4sI0BNUGJH4JUcl3GInOfCPnCNjoNGpeMaLQUlAHMh+7GcADVBiR2BV3JcxiHiTYkFsOXhi8+hfZT1iNecLAjMReuKuvJE9mOeADVBiR2BV3JcxiF8ISxBSDn44nMtOodjEKdjkQWBOXhA++HDh5P7BI4XoCYosSPwSo7TzB0xTy2AJQgpAxafHxfvNFInYSqxfU+tM8I8AWqCEjsCr+SY79QR81QQwra8+6IdkOL1IPg4Hq9evaJOwiziWg9Nt/306dOjMoX5AtQEJXYEXskx3zkj5h6EsC3vfngWS8LxoE7CHFR+4oYGPt0WpwlQE5TYEXglx3nmBB8dbMu7P57FklpACsfE6+SUeg3H5Orq6qHcaHDKyxJOE6AmKLEj8EqO85wKu2Lty5wsFrTJkydPHsqERrRvb2/9KQCPULsRy41P6cTpAtQEJXYEXslxnlPxND1ByLbEz57gA0Qcye5kPQicI679+P7770/KD04XoCYosSPwSo7znIrPO5fathG2YYlrCO2hEew4ok29hHPE3a7evn17cn/A6QLUBCV2BF7JcZ5z8CBEB1cxGr8NS11DaA+dZv3s2bOH8qGRbeolOJ8/f340lfbu7u7k/oDTBagJSuwIvJLjPOeizk68iWkaCKzPktcQ2kP1MmZC2KAAnLiRRQxYcRkBaoISOwKv5Jinb926BHHuuYIRdX5gXZa+htAecUExW/OCE4OO1PohnCdATVBiR+CVHMfrW7eOPYBwCE3v0PSrpX8v9BOvI0AfsZxoKpbaAIB40GA3aBTLCs4XoCYosSPwSo7jXXPrVi107X43o63rE68rQB9xemQnO9ZBzIT7ZiK4jAA1QYkdgVdynOaSwUdH/P2wLnzWMAZtw+t1X7I977GJW+5eX1+flA+cL0BNUGJH4JUcp7kGcbT148eP/m1YkLWvJbSF71hHlvK46IDKrhxoowJOPl9HgJqgxI7AKzlOcw209qP7/dpfHtZj7WsJ7eEdTTgmr169eigD8f+4rAA1QYkdgVdynOYaKOsR/wZZkPVY+1pCm8QsJWtBjofvghjX7uGyAtQEJXYEXslx2Jubm0dzfuVaxJN1yYKsxxbXEtrjzZs3j8oOa0GOgwcfLD5fV4CaoMSOwCs5Dht3v+pcC8+CMMq6DltcS2gP1oIck1Tw4VPycFkBaoISOwKv5Jjv2qci+7xijbqusevWkYmfL0AO3vGEtiH42EeAmqDEjsArOea5BT7KKnXqrg6/gmXY+ppCW1B+jgHBx34C1AQldgReyTHPrUgFIdry8f379/5UmMAe1xTagS2z24fgY18BaoISOwKv5Jjn1vhNULLwdT57XlOoH7bMbpurq6tHbQTBx/YC1AQldgReyfG8P/7446Ov90BbPcaF8Cx8nc/e1xTqxjeLIAvSDrqWMcNF8LGPADVBiR2BV3I8b9x28+nTp/5xboYHQixKn0f8LAGmwJbZ7aF2Ve18d1219o7gYx8BaoISOwKv5HjemHnYe/2F1oB0r+Xy8vLL7e2tPwVGEq8xwBTIgrRHnPKqLMjd3d3JPQG3EaAmKLEj8EqO490bn5csf/e73/nTYAQlXVeoF7Ig7eBTr7TWzttb3E6AmqDEjsArOY63BBRwxEyIMjSQT2nXFerEsyBQJ6mpV97+47YC1AQldgReyTHtzc3Nl++///7RY6Xg60EgHz4/WArKUv0w9ao8AWqCEjsCr+SYNq796CyJOFVAN0/Io9TrCvVBWaob7TLI1KvyBKgJSuwIvJLjOF+/fu0f5a7E3bkkQUge8bMDmANlqV4+ffr0aLCJqVflCFATlNgReCXHYUskdVI6Qch4Sr++UA+UpTpRGxoDDgUiPr0VtzVmopSZAqgFWv8ReIXHYUslFYRwSvo4ari+UAeUpTp59erVw3VTx1fbmnvbj9v68uXLh/9rDSbnXUEt0PqPwCs8DlsyHoRwSvo4arm+UD6Upfp49+7do+vmX+M+KgMVd3ksbeozQB+0/iPwCo/Dlo6CEBal51HT9YWyoSzVhTq5sb1UJ9fbfNxPbTXf/Z8BNagFWv8ReGXHx5a8/e45WJSeR23XF8qFslQXsa38sz/7sy9/8zd/86jTi2UJUAOU1BF45cbHlr79bh8+FUsShPRT2/WFcqEs1YNnP7rpPvExLEuAGqCkjsArN563pjmoqSBEo30s5DslfkYAc6As1UPMfsSTz7FcAWqAkjoCr9zYb42kgpDLy8v7HV7gK7VfZygH1l/VgWc/3r9/f3Lt/B6A+wtQA5TUEXjlxn5rRUHIixcvTt4PW/R+pYXrDGXg66+oZ2USF5sr+yFS187bTdxXgBqgpI7AKzf2WztaWBm3NJQfP370px2Slq4z7ItnHdm5pzw8u6Hsh0hdu/g83EcOJITaoCcxAq/o2G8LaNpBPO1XmREgAIFlUUeWMlUmHnwo4Ij4tcP9jYdEKlvFOkYoHVr9EXhFx35bQVmP+L7Igjyet88IGyxBi21H7aSCj1Rn1tt+3Fdfr3N1deWXDKAoaPVH4BUd+22JuCak7yZ8JF6+fPnweejcl6N/HjCfVtuOWvHTzc+1e9724/4q6Oj+r2BEQQlAqdDqj8ArOf5krQcQjsWzIJqW9enTJ3/aYdDNLK6PqWm7ZSiTVtuOGvH6fS74EPHaYRnqesWtkjVoBFAqtPoj8EqOP1nrAYQ5xHm1UjfobjHmEYmnH7NwGObScttRG37ex7ngQ7Adb5lqemz3f9poKBla/RF4Bce0rY6Ip26uRz67IH4OAHOgLJWBZ3vHnIHEdrx1CFAqlM4ReIXGU1tHo0qe8TlqEBJHPlmcD3M4UhtSMnFb3bG7/rEdbx0ClAqlcwReoY+upuG0vPajD82Rfv78+aP3/fbtW39a88TF6GM7KwApjtaGlIimlHbXIHfhMtvxli9AqVA6R+AV+simpiPJo+CjflKd8M+fP/tTm8WnawBMhXK0L2rPLi8vH67BlAEVvxfg/sZsVE5ACbAltPoj8Mp9VH2Lxs5W1370oZt23KJX6iZ+d3fnT22W+N4BpkI52pe4bkNTTIcWnqfw+wHubxwk030boERo9UfglfuI+iFHQ1s0HgHPBmmHrOvra39ak8T3DTAVytF+aF1bbNM1tXYK8RpiGcbdCjVtGKBEaPVH4JX7iOZu0XgUNH867p0vj7A4Pb5fgKlQjvZB5xnFdktnHE0lXkMsQ00JZhoWlA6t/gi8ch9Nz34c+RyMFJp6FedRy9aDED8DAGAKsc7ANqhzGtsrTb2ac8Cq3y+wDJmGBaVDqz8Cr9hH07MfcIpu6r44XZ9bq5mi1BkAALnEMgTb4Fvnjjnz4xzxGmp3xDj9B/eTaVhQOrT6I/CKfSTJfowntUOWpjbMGV0sFX+vnLgLU4h1BdbHBw6WWLPm53/417iPPg2LLAiUBq3+CLxiH0U1YPHMB7Ifw3jHXGqudYuBm58BAJAL5Wc7/KTyKVvupvDfi+WoHSq7/y+R7QJYElr9EXilPoI3Nzcni6tb7ESvhe+QJXUzaG0xYBxh0646ADnE+gHroIEk3zZ8jQNEvb3D/dUgkbLw3dda79PaPQjqhVZ/BF6pW9enXUmN6kMe6pCrwY+foz5XTYNo5SYQM2Sa/93qmhdYh1g3YHk04q16GT/ntXYxjH8Dy1FTgON9SAHJGtcfIBda/RF4hW7dOE9YDdfU/eHhy32goQWA/hkrEGnhc9X7i5myox1KCfOIdQKW5erq6mQg6dWrV6t1Pr2Nw3L0M19op6EEaPVH4JW5ZT37wbSrZdDnqJFH/7w/fvzoT62OuNsKi9Ehh1gXYDl8CugWAx7xvuF/H/dXAWn8upUsPNQLrf4IvCK3bFy0xqLz5VEgEvfgX2Mu9h7EMgQwFsrN8njnX+24zipaG99hi8Xp5cnZIFAStPoj8Ercqn7jIvuxDsp6+OdeO/H9AIyFcrMs3oarw7nWlCvHdwD06V+4v5wNAiVBqz8Cr8QtmrpxwXpoLrZfg04tGq1tdMpf/9rTPaANYrmBeaTa8K2Cjw7fmhvL0s8GYRoW7Amt/gi8ErdmCTeuo+GjhSlryoz4aCdrQWAIb3dgGmpL4m50e7fh3o5hWTINC0qBVn8EXoFb0jsBe964joY+53OZkO761EBqvjdAH+r4xLKiDjTkoxHseM6D3LsNj68lTvnBMmQaFpQCvYQReAVuRYKP8khlRmoJQgQHE8IY4rkEtDvT0Bkffs6QNhHZ+7OMbYBnRnF/NQ0rfg2wF5S+EXgFbkEfgaQTUA6pIEQ7zNRwfTiYEMYQyzZlJB+NYntHv5TpNKlsKJYrwF5Q+kbgFbYFGYEsm1QQou17NepZMhxMCEP4tBzIww+VU1teWrsQr2+3KUV8DMsRYC8ofSPwCtuaBB9louuic0L8eikbUvLuJbGzwWJ0iPi0Twnj+fTp06PBI53xUWJb4FOv/GssR4C9oPSNwCts7fpoFJSNrlfMKkjd0N++fVts8BhfK9vygkgFH2TIxqO6HhecKxApMfgQTMOqR4C9oPSNwCtszaY6AVA+6mj4lCxZ6rQsH/EkE3JsvN1h2mc+ccc81acS673j7RWWYWyfa9rkBNqC3ucIvPLWqi88l4xA1oXmf2vrRL+OpWVDUiOgJb0+2AbtuKMpg7EcEHzkkfoMS1lwPkR8zawFKUcvT2qvAbaGAGQEXnlrVCPocdSDTkDdpKZllZgNia+xxNcH66BOs0ZWvYzS7oyn7zOsadAolQmNX+M++iYnZKhhDwhARuCVt0bjiIcWLtIJqJ++aVmdGnHce8H61dXVyetitK1N3r9/f1/m/Hp3EnyMJzXAUONnmMqEYhmqHMWvAbaGUjcCr7i16dkPdRSgHfo6K5269nsGIqnXx7zjtvA2JsomBONRp1AZjtY+Q19z4O8P9zFel73uD3BcCEBG4JW2NuMNTdkPaI+hbIjcMxDR3/S1K2RC2kBTheIBlJ21d5q3RnUk7nLV0meYWnPg5QW3N94zallXBO1AADICr7Q16aNNZD+Og661Ak4vE3sFIsw7bou+NQq0MflobVQ830Nq4Kim6VbnSNV9b5dwexXcdv/XABHAlhCAjMArbS36/HvdAOB4nAtEtHuWOpJb4fOOWxnhPRJ9gQdtzDQ08hw75Pp/i6PRXvdxf1WXmYYFe0EAMgKvtDX48ePHRw1LbYsXYXn6AhGNvF5fX/vTV8NHP8mE1MG5wINAcho+NUl1seWd4lgLUp5Mw4K9IAAZgVfY0lWgETuamldM8AEdfYGIUvB3d3f+9MVJzf+mA1suBB7Lo8/U12ypnW59BNoDrlRbgNvKNCzYCwKQEXiFLdXUNpgacdqiUwn1oayHzzuXW60P8UyIq7LMiNx2qCPi7UefBB7T+fTp0/2ZOPHz1CL+IwwSsRakPJmGBXtBADKAKqNX2BLt2waTnYbgHLr5aB2Il5stFqqPHf1ky971GTsdhsBjHh8+fDjJJB2tfCsIYSpWWTINC/aAAGQAP8DPK+7e3tzc9I5a1nRiLuyLsmS+Ta5UR0Gjs+p0rhWMjAlEjtZJW5JuClVfOzFGAo95dNfAF5tvufaqJJiKVZZMw4I9IAA5g2cVNMXJK+7epqbQsA0mTKVvfUinvqeMydoLZX2qhiQIyePc2o0+2axiWTTdSgNBnp1ufbH5EF6//fPBbfVpWNrEBmBtCEDO4Af4eaUtUbbBhCUYCkSkOrYKRtbqsHonBdf1KOsQtkBTrV68eHHyGUstNldgcnRS2/J2mTZ/HNc3llf9H2BtCEB68HmpJWY//DUCLI1GaRVknAtGtKB2rdFcgpBlZArVNugz7qsrmtpCdvoxqcxH6jFcX2U9/GuANaHXmkCLsGJFLLED5MGHRi8B1kRTEtXBUllLTetZKxui3/nq1auTv4fDEnisj9bhaU1DajqsVNmlM5eGtR9lSRYEtoQAJEG8kXRzor2i7qkHH8zbhj1Qx9YDkTWzIQAloA0brq6uzg5MddMT19q4oUV8DYJ/pri+/rkDrAklLEGsgAQfAP2og5XqiGnUl+km0Ardgv6+LEdnd3YNbXI+yqx2n2Pf+hncVoA1oYQl8EpYigQfUCqpbIjUYwQjUCtjdhLTmg89h2lW8/DRd/8atzFmojjEGNaEACSBV8gSVMo/fk3wAaXRlw3p/IM/+IMvf/iHf3j/f9YmQOkok5EKPNRB0wi9yi9TrJYlZj60aL+Wg4BbMl4DrW0CWAsCkAReIfdWI0FxVILgA0pG5VU3rqGD737+859TjqFIPNssCZrXx7Meuu+xUH1b446fmnJIGw1rQQBipG48e6rKH7d11B7yNAhQC0PBiEaY9X1GkqEEuoMDYxkl8NgW//zZlnd741qn6+trv0QAi0AAEvDtd+OiuL3UTird/9UQMycTakW7Y/Vtp6uyTSACe6GDA1PtPdnmffBztzigcFvjQKymwgGsAQFIoLTtdz0bo1Q0QO38/u///klZ7yQQga1Q+65OrbaO9nIoCT72xTMf/jWup6+9AVgDSlYgVri9gw/PxuhmCNACCjBi2f7jP/7jk/J/To2GarSaRcAwBWU7NM0ntcBcaporU672J7X2g0zIPgKsASUr4JVuL9WpYtE5tIrKctwtS2VdUy7iWqcc9XOaqsgBiNBHtxbp3Dkemh5IGSoPz3z417iOfjAkwNIQgAS8Am7tzc3NyWJdda4IPqA1PMPYMScQkSxqB6HypbKkTIe3qVEFJJrqSnkpFzIh++gHQwIsDQFIwCvg1qZG5zjADVollvMcNEqtjMe5QIW1JMdDo7Q6L+ncWTSSwzHrxDMf/jUuq2+JTBYElibvzt84XgH3lnUf0DKxrE9FAYZGQjVal5rTr04K60XaRBlj7dDzz//8z8nBm6i+r2yI1n9AnaQyIb5WEpc1HkpIFgSWZvqdv0G88m2p73gF0DprlPehKVz6nuoao3n180d/9Ecn19evNWuD2sMzH37vxOX0LAjAklCi/heNpnnl20ofxdGILUDrxDK/NEOBiNSoOFNx6kNnIaWmWaljqlFatadku9ollQkhCNlGgCWhRP0vQyn8NU2dPwLQOrEOrIVGv9Vh0daqXu+irAson8+fP59s4dypoAOOg++kJwlC1hdgSShR/0usZJor7BVvKwk+4CjEcr8F6sBeX1/fBxrndkZSMKIspDq1Gm2HbVEbqLUaykqrU6lpVFrrkVrjs2X5gbJIBSG6d/shericAEtCifry0+4pXtG2MLXtLsBR8PogtzxksDsbwuug2y1gJhhZhr4AYyhLFY2LYyUck1QQEnfA83KD8wRYksOXKDVgca64boRe6dYyNe0L4Ch42U+51ULiscFId0o2mcp+lggw+lR56Hayio/DcVF584BUEogsY1z0r/oMsBSHb7njvFFVNI1yegVc2lTmQ2qUFeAoePkfcqt1Gt15EurUnJv2cxTVVimAGHKJAEPqM9fv0+ev9lnXQkGH71wWfwagb+MJ3ddTC9dxnL7uSp8lwBIcvuWOWYitGikyHwDWgfx/PznmkEG5VTAi9Jr0t3z7T5zm2ABjiPg7ATr6AhEWqU/Tp7mpHQRYgsO33F7Z1vLTp0/3HSsyHwA/EetAF4BEhw4Z7OyCES0w10LztdDv1sL0y8vLk9eAX10qwBgi/k0AJxWI6P7r297jsApC4tcAS3D4kuQVbWnVKfJFclGAo/KoHiQCEFeZiDHrNLZaNwL7QjsKQ/jofSfZkHkCLMHhS5JXrKVU4JGaahUl8wFHJtYFBRXKdnjQ0efYReNbTtWCbYnXGaAPBSFqA7xtiHbtjz+OaQGW4NAlac1RkFTwoZEYBSYA8OVkTcX93OJEsDGkNo7QNJ+hRdAEI20Rry3AEH3ZkNj++GOYFmAJDluSfB6o5pl7JZuq5orHrzUdRGtAAOBL7y5w0oOLXONhg6lBgJR6LQwM1MejcgMwgjHZkNgueD8BfxJgCQ5bkmLnRKMivshqiur8KKviC2YB4Ct9wYdU/fGgYo5j143I7nwJqIN47QCmMpT5WHOmRK0CLMEhS5JnKOYGH32Bh1RwAwBfGdru+n6f+UQwMdehdSN6nAMGy0cZND8wFmAqQ+1RbB842PAnAZbgcCVJ879TgcJUlaJN/b6HRbUAcBavOyd1KBFMLKU6E6n6m3wdsBv6/PsCRwmwJEPrRbx90DTruQOZpRszRWSLYQkO13L7vPCxjUzKVGqWzgpAHl6HolMXpuc4ZvcbDt/aj1Q76wIsTc56EanzgTTl0x9vxbhOlmwxLMHhWu5YocZ0PPrUiEf8msADYBpet9xuMagHDkuqqRX+d1NSz7fh3EYFKQHWJnWwYcqxU7pq07PFHCMAczlcy+2VKldt+enbfXaL2AEgn1iX/u//+dW9qYWhSy9QH2PqdZANWR/PVD9qZ//32sTvAeyFBiR8GueYrF2N+qCt1tUBTOVwLbdXqBx11oB3SAg+AOYR61MXgJwbRdwiI9LZ9zo0GgjT0eeak+HQ9I8YfMj4fYA9UXvgGyOkVJlX5kADmf69WozT1l+8eOEfBcBoDtVyzxmV8J9VIHK/Ww8AzCLWqy4A6Ty3GHTrjEgcfND/ux1xYDypDPKQfh06Hz0HYGfOtVUpVQ+UUaht8bqyHvFrgKkcpvT4gUI5Bw968KGGQzdSAJhPrFsegHRBSN9iUI0m3gcBiQ7q0qbWiRCInJK7fuOc9/PME9dCxucBlMC5tirXWrb9BZjKYUrP1IMHPfhgyhXAssT65cGHmxplfBQEJDqqS9q3EJVA5Cup9RvuQwY58RmPNf4+gBrQLlkKUHwq9zlj2+Lf28v4+u8z0QATOEzLHSvPUPChtGhqBI/gA2B5Yh3zgCOl6qDmHnv9TLnWWSLnApHuTICjoc8k1W66DxnkxOeaY/ydADWhw4s1K0Nb93r9WErVRa1LUYCgv6WzO/wQ5ql6Npjp6DCFw7TcXoH69IxHJ8EHwDr4aJoHHH32BQHu/a5ViQ7sEva9hu5MgKOg0dnUqK5/Xkv66O8ANEZf2zJX1VMFJsrEqL3VlElf1zGkZ6Lv21iATJpvuYfmI+v7Q6MQDzuwAMDipEbTPNg459wb9RJZkr7X0NrIYF92OOW59RtTPJdhAWiVvrZlDdUXGjvdy2eSAOTSfKk5Nx9ZUX9q1E6S8QDYhtRomgcZU+yr2ymXypKkzgTQ1IcW6MsOu+ow+ecy174MSycAPEbTHNX2qN5qMEBZD2+b+pyy7gQgl+ZLjVcSVUT9q05P36gCGQ+AbfHRNA8mpth3hkefcdcZ7wDnqJ+PW83q99bcnmjeuGep+lQg6Z/HXPX3h3YtBIBxqC1SYKLBEgUnqrN9fSEFIvq+nnd9fX0/rdSfQx2EqTRfarySdGqhaKxkbKsLsC+xfmpqpEbsdJP0wGJJz42qzznwUEGIjzY+/L5K+PTp03076e/DTyRf0jFTvJRh0bWLjwHAfMZO99JUrW4wlzoIU2m61PRNGfDHW5unDVAjMRj45S9/ef/vUtOx+hyTJVF74R3lMaoz7b/r4fcVjEY6favjzjWDD2+XU+rvd9cuPg4AyzE2EImW3q5BeTTbcvvBg33eTxkAgN3pm+bjQcNajrnpanQ+5/yKvvdUws16TLYhvu+5C/Wj5xaUp+z+frxe8fsAsDyaGaJstNorTYOMU0uHfGgzAHpotuU+t/i8k4XmAOXgi9E7PVDYwr7X0qkNLLxTfc7U79szCBmTbZB6zcqI+PuZ49CC8q5d9mvixp8BgO0Ye6Ai2/PCOZptub0iuCw0BygPX4wuveO5lXotusn665E6CNE71kOmghC51Ujh2KyDBm+09kNrQPw9TDEn09K1y34tUsafA4Dt6Q5U9HpM3YQxNFk6fOs4Mh0A9eCjat7x3Es/rCs3CyL7gpC1Rwr7sg5rrumQQ5mWbkH5FOPvAYD9iG2L13mAPpoqHalDBzWnm+ADoB58Ybh3PPdUmY/42qbslNWXWVkyE5JqC92HLHDiNeba7Zg19DejcUH5FOPvAoD96FvrRt2EczRVOlI3v/tDsQCgKmId9o7nnnoWpPN+PUeiYz6kZyWWyoScWwO35EGB53bMio5d15Fj/P0AsB99mV3qJpyjqdLhI6fscAVQJ7Eee8dzb33/+6gGQZQJGJtZ8DZLzsmCKBuTGojpvG8TE68j16urq7NBTjRnXUeO8W8AwL6k1u9RN+EclA4AKI54A/OOZymeG/XTQV3aKcY77n3GTMiULIgWg/r0sIcOQOLvTfXc3+l2zPLPaS0fvUcA2B3P6FI34RyUDgAoCp/m5B3Pkuxbz9E59uwMz4TkoECnL+uhbI3/ramm/k7cMcs/m7Wd+nkBwDp4O3bf/gD0QMsNAEXQN33IO54lq4DjyZMnj17/w+LyRKc+mvyZAbTY3EcdFRCNnQLmKsOh9Syp6+B2f8c/g62c8nkBAEAZXPgDAABb41s3ds7dKWkPU1ve3k+rSnT4o8mfGUBTveLzxwQ6KbvAw4OnlN3f8fe9tanXBQAAdXDhDwAArIk6r+dG2DWtR6n7Dx8+nHQ6a9GnIsihTEjqZ/pIHSp4d3d38jvHqMzTmMBDKuDR3/H3u4f+2iQAANQBLTYAbEZfpqNzje1a9zSZ1UgEAVE/1MtJZVjuO9+J3zVk6np0gZK/l9L0133/GQAAQBXQYgPA6gxlPeRa27XuaSqrMZQJ8UO9/umf/unRZ5naBrhvsfmYz91fl7+HUvXXL7/99tuTx/ZSn+fz588fqYAvqs9bmb4oAMARIAABgFVJjbK3lukY0jMW5zIhqe19+z7Lc4cK+nPPWeP18PfQqgQyANAiBCAAMJmcEfbOFjMdQ6YyIZ2pjEjfoV7Rc4cK5gQftV4Pfx943lQgM8Zz9Vvf07kwKt8EPQCQAwEIAEwip5MraxxlX1rPhHSmMiL+nNRn6T+TCj5a/dzjZ6mvPXOk7+/5vnU2imcl1FGPmQtNt/MO/9gT5kv12bNn9+9Lh1LqMwAASEEAArASU7IDrVrrKPvS5mRC/Pv+Wcago6+stRp8yO6z1PqX7jG9V30+elznlPjP1KoHMurcx0BGKhMRAxkFAl4eSlblV4da3pdtAGgeAhCAFfBR6JZtuZO7tp4RiZmQ+LhnOc5lPLguP53F4o/h8n78+PF+G2cFe/FMmjnq99ze3nqTCgCNQQACMIG+EeejSWZjnqmMSJcFiY950DEUfHBdcA91oOXNzc19uVQWxgPsmlT7rqlkCmYBYHkIQAAy6ev0pTzyKDSON3bUuixILEceeKSCD8oa1qwC77EHYm6p6iOBCMDyEIDArmi0rNVMAqPQONaYCfn7v//7kzrRBR0aYVbg4d8n+MAWVCfft6Au1Yc1WwAwCQIQ2IQWpyzR6cM1TO2CpOBDZ36kRogph4jLq/r29OnTk/rmsngeYBoEILA6PlWkBclu4Bqm6kp3ynkqMKEcIq7r2ECExfMAeRCAwCqo0c7JeMStNBGPqHYTinVCwUVc8xG/p4yi/zwibmNq84go07MAhiEAgcXRPN7U7idMFUHsN2Y4UgcNxrrkP4uI+9i3eP5+MwkA6IUABGYzZiE5U0UQzxvriwcfBCCI5dq3eF73RWU2AeAUAhCYTWpueqemYnljjYinxnrjwQcBCGIdprL/WtsFAI8hAIFsxu5opREhb5wR8VRlEWPd8eCDAASxDvvWhxCEADyGAASySO3SQ8cIcZ6eRfTgw+ud/zwilqWmUfq0LIIQgK8QgMBZNH91TLZDspMVYp6p9VPdtrudV1dXj76v9VT+exCxPAlCAPohAIEkOnH5xYsXJ0FGJztaIc7XMx8yBh8fP358NKeceodYl6kg5MOHD37LBTgcBCBwgg5T8lHZKDtaIS6j162Y/VAdiwegPXv2jHqHWKGqt8+fP3+oy7q/cnI6HB0CELjn3MLyV69e0fFBXMFYz3zdx9u3bx++pyzI3d3dyc8jYh1qq954Xsj9YAPAgSEAgZMFrrHTw4nLiOvo9e7conPtrOM/j4h1qftprNeaYglwVAhADo53dDovLy8ZcUVcSW3uEOubpjV2wYd/j+2sEdsxrgfROkuAo0IAcmA8+GCBK+I2xsXnXb3rApDU9/znEbFOlfWI912Ao0LpPyhxfjkdHcRtTG27G4MP6d/z34GIdUsAAkAAcjg0rUq76RB8IG7v0La7npX0n0fE+iUAASAAORQ60CyeKUDwgbitHnzEbXd97QcHDiK2KQEIAAHIYfCRVQUi7KyDuK2POh4h88HaD8TjGAcCORkdjgoByAHw4ENTsNjhCnF7zwUg8XsEH4jt+ubNm0f1nSAEjggBSON48MHIKuI+el2MwYcOKYvf859FxHbUPThux0sQAkeEAKRBUjvtEHwg7mdqfUcMQLQWpPve06dPT34eEdsyFYRoWjTAUSAAaZDUTjsEH4j7mVrf0QUfnhl5//79yc8jYnt6EKK1If+/vTu4TSCGggDaCiVQAiVQBp1QDkfKoAzKSORDkJmsAlIQi/5/I70TgZNxPLusLdIlCkjBZPkYV1uVD1jP/H2cy0feGXHqOfQy5oN5DhDpEqO9YObJLCc74H2Wfg45//Rq6c5IfgZQmwIiHWO0F4wCAp9h6eeQdr4CZgqIdIzRXjAKCHyGLB/zwYNZQPK9QA8KiHSM0V4wFjXwGe4WFlPxUECAHw4mlI5RQArGogY+gwICPJIHE9qOVzpEASkYixpYX26vm+UjX8/3Az3Yjlc6RgEpGIsaWFdur5sHDy69np8B9GE7XukWo7xgFBBY19L2unMBWXo9PwPoRQGRTjHKC0YBgXXN38EsH/nsh/IBDAqIdIpRXjAKCKzner3eLyQ8+wE8QQGRTjHKC8biBtYz72iz3W49+wE8RQGRTjHKC0YBgfc7n89fm83m7vt3Op08+wE8RQGRTjHKC0YBgfeby8VtEeHZD+BJDiSUTlFACkYBgffL8nE4HP4sIPl+oLc8kFAJkcpRQAomr6LkJAe83rxwyOKhgACP5IGEw+VyyX/xIiWigBRMXkU5Ho+/JjrgtRQQ4L9GCdntdrd5Yr/f5794kRJRQAomr6KMOyI5yQGvk1vrZvEY8m/yMwCGcddjnivcBZGK+QYOLlOGRtBbAgAAAABJRU5ErkJggg==','png'),('yukachi','1/9_person_0_off.png','わたしはゆかち','2024-10-04 14:47:37','2024-10-04 14:52:34',0,'iVBORw0KGgoAAAANSUhEUgAAAyAAAAJYCAYAAACadoJwAAAqNUlEQVR4Xu3dLVAkTbo24DdWjUSORCKRqA3kRKxBIpFIJG4kciQSifuQSCTxKSRyJBI5khNPn+0+2dkN0z9VWZWV1xVRsbNv9zDUX9ZzV1Zm/fMBAABQyD/5fwAAAOiLAAIAABQjgAAAAMUIIAAAQDECCAAAUIwAAgAAFCOAAAAAxQggAABAMQIIAABQjAACAAAUI4AAAADFCCAAAEAxAggAAFCMAAIAABQjgAAAAMUIIAAAQDECCAAAUIwAAgAAFCOAAAAAxQggAABAMQIIAABQjAACAAAUI4AAAADFCCAAAEAxAggAAFCMAAIAABQjgAAAAMUIIAAAQDECCAAAUIwAAgAAFCOAAAAAxQggAABAMQIIAABQjAACAAAUI4AAAADFCCAAAEAxAggAAFCMAAIAABQjgAAAAMUIIAAAQDECCAAAUIwAAgAAFCOAAAAAxQggAABAMQIIAABQjAACAAAUI4AAAADFCCAAAEAxAggAAFCMAAIAABQjgAAAAMUIIAAAQDECCAAAUIwAAgAAFCOAAAAAxQggAABAMQIIAABQjAACAAAUI4AAAADFCCAAAEAxAggAAFCMAAIAABQjgAAAAMUIIAAAQDECCAAAUIwAAgAAFCOAAAAAxQggAABAMQIIAABQjAACAAAUI4AAAADFCCAAAEAxAggAAFCMAAIAABQjgAAAAMUIIAAAQDECCADs6PHx8ePw8PDjn3/+KbbEv3d9ff3x58+f/NcBqIIAAgA7+v79+0pAKLUcHR19PD8/578SwOgJIEDv7u7uit0ljn/n6urq4+3tLf81YCslj9t9Fsc7UBsBBOjVz58/VwqmEsu3b98UZuxsl+O2lAhGBwcHjnegWuVaTKA5t7e3K0XaUEvcyY7CDf5ml/BxeXmZ/5heRdD48ePHyu8xX+J4j/MPYIwEEKAXUSDFXdl5QRTFUolBsw8PDx/Hx8crBVks8fvAV/LwUeq43dXT09PH6enpyrE+X2J9AMZGAAE6te65+QgEpYu4z4KInhA+U1v4SH0VRIQQYGwEEKAzeQE3XyIMDCntiYlFTwi5/NitKXzk4vfOH88SQoAxEUCATuQFXFrIDe3m5mbl94IIxnlvXe3hY25dCInzAGAMXIWBveXhY6wFnADCXD5GaezH7i7yEKLnDxgLV2FgL/lMV2Mu4AQQvnpz+fn5+WiP3V3F+jjugbHRGgF7Sd8EPebwEdI73t6X0KZ1by4feoxS3wQQYGy0RsDOYjaptLgZc/gI6eMo3pHQnvxRwVjGMEapbwIIMDZaI2An+aNX8fjK2KWBKaYspR01Hq9dEUCAsdEaAVuJXo5463Na1Iz90au59/d3xVijanpUsGuOeWBstEbAxmLcxMnJSZXhY04x1pZ1g85rOl674JgHxkZrBGzk+fl5ZQBv9ITUVswpxtqSH7Mt7vd08oV4DBFgaO21xMDW7u/vl4qY+HOtg7hbLkRblIePCM2tubi4WDp3X19f868AFOUKDHwpf2Fb3FGO3pBaCSDtyGe9alWMfUofQzs6Oqqu5xKYlnZbZGAjV1dXS4VL7e/PUJC2oeVZr9aJmwbpjYToFQEYiisw8Km892MKL2wTQNrQ8qxXn/n169dim8R5DTAUV2DgU2nvx/Hxcf5xlQSQ6cunWxY+/o/jHxgDLRDwqfQu8hR6P0Lao/P09JR/TOXiOD04OFBof8J2AcZACwSsNdUBvDEWYL5OMTDX3fFpyafdjcev+D9pAH95eck/BihiOlUF0Jk8fExpAG+Ma0nvkLc4LeuUpcetd16sSgP42dlZ/jFAEQIIsCQPH1McwBuF6Xz9DMadlvTYZVX0eqTbSC8IMAQtNLCQT106xfAxp1CdJvv176LnY76N9IIAQ9BCAwstTV2qUJ2eeLzOfv27vBcEoDQtD7CQFiVTDh9BATY9U5w2ui+Of2BIWh5goaWipKV1bcUUp43ui+MfGJKWB/h4fHycTUnbUlHS0rq2wj7dnG0FDEnLA6y8O6GFoqSldW1BPnsbX7OtgCFpeYCV8NHCuzEUYNPx69evpf05pffW9MXxDwxJywM0WYy0uM5TFDM6pW/3nvrsbV1x/AND0vIATRYjLa7z1ETQiNmu5vvx5ORE+NiQ4x8YkpYHaLIYaXGdpyYd9xG9IK+vr/lX+ITjHxiSlgdoshhpcZ2nJp084ebmJv+YL6SPrUWQAyjJlRdoshhvcZ2nxj7cXfrSRgEOKE2rDTRZyLW4zlNjH+4uxsrEgP359oseEYBStNpAk4Vci+s8NfbhfiKE2IbAELQ4QJNFSIvrPCVvb2/2YQdsQ2AIWhygySKkxXWeknQMQ0zFy26cB8AQtDhAk0VIi+s8FdH7kc7i9PDwkH+FDTkPgCFocYAmi5AW13kqLi8vF/tO78d+nAfAELQ4QJNFSIvrPAXpywdj0fuxH+cBMAQtDtBkEdLiOtfu9vZ2ab/FNLLsx3kADEGLAzRZhLS4zrVL33we4SOmkWU/zgNgCFocoMkipMV1rl26z4SPbjgPgCFocYAmi5AW17l29ln3bFNgCFocoMkipMV1rp191j3bFBiCFgdosghpcZ1rZ591zzYFhqDFAZosQlpc55rl0+/SDdsUGIIWB2iyCGlxnWuVT797fn6ef4UdOQ+AIWhxgCaLkBbXuVam3+2P8wAYghYHaLIIaXGda5XuK+GjW84DYAhaHKDJIqTFda6VfdUf2xYYghYHaLIIaXGda2Vf9ce2BYagxQGaLEJaXOda2Vf9sW2BIWhxgCaLkBbXuVb2VX9sW2AIWhygySKkxXWulX3VH9sWGIIWB2iyCGlxnWv09vZmX/XItgWGoMUBmixCWlznGl1dXS320/Hxcf4xe3IeAEPQ4gBNFiEtrnNtovfj27dvi/308PCQf4U9OQ+AIWhxgCaLkBbXuTZ6P/rnPACGoMUBmixCWlzn2nz//n2xj/R+9MN5AAxBiwM0WYS0uM61sY/6ZxsDQ9DiAE0WIS2uc23so/7ZxsAQtDhAk0VIi+tcG/uof7YxMAQtDtBkEdLiOtfGPuqfbQwMQYsDNFmEtLjOtbGP+mcbA0PQ4gBNFiEtrnNt7KP+2cbAELQ4QJNFSIvrXJN4CaF91D/bGBiCFgdosghpcZ1r4iWEZTgPgCFocYAmi5AW17kmXkJYhvMAGIIWB2iyCGlxnWti/5RhOwND0OIATRYhLa5zTeyfMmxnYAhaHKDJIqTFda6J/VOG7QwMQYsDNFmEtLjONbF/yrCdgSFocYAmi5AW17km9k8ZtjMwBC0O0GQR0uI618T+KcN2BoagxQGaLEJaXOea2D9l2M7AELQ4QJNFSIvrXBP7pwzbGRiCFgdosghpcZ1rYv/07/393XYGBqHFAZosQlpc51q8vLzYPz2Lt8sfHBzYzsAgtDhAk0VIi+tcgz9//nwcHx8v9s3p6Wn+FTrw/fv3pXPgx48f+VcAeuPKCzRZjLe4zjX4+fPnYr98+/bt4/X1Nf8KHUiP/7u7u/xjgF658gJNFuMtrnMN0jvzNzc3+cd0xPEPDEnLAzRZjLS4zjWwX8qwnYEhaXmAJouRFtd57N7e3uyXQmxnYEhaHqDJYqTFdR67q6urxT6Jgej0x/EPDEnLAzRZjLS4zmMWvR8x6Hy+T2KaWPqhpwkYmpYHaLIYaXGdx0zvRzm2NTA0V16gyWI8vdtuqtfhpbNf6f3oj54mYAzaqTaAT7UYQM7OzhbrHHeEGVaLx+AQ9H4AY6ClB5os/uLO73yd4+57vIGb4bR4DA5BTxMwBlp6oNniLy3G7u/v848pqNVjsDTbGRgDLRDQbFHy8+fPxXqfnp7mH1NQq8dgabYzMAZaIKDZosR0pONhP/TP8Q6MhRYIaLooaXndx8R+6J8B6MBYaOmBpou/ltd9TOyH/hmADoyFlh5ouvhred3HxH7on20MjIVWCFh6MdnLy0v+8aQpysbBfuifbQyMhVYI+Dg/P18UJvGCvpYoysbBfuifbQyMhVYImPV6pMVJS70gae9PTMvLMBTH/UqnnLaNgaFphYCZ6PmYFyct9YKkMwPFcnNzk3+FAhTH/fn169fS9o0eT4AhaemBmbwX5Pfv3/lXJunPnz8fP378WKx39IhQVuwDAaQfcV6nvXxxrMf2BhiSlh5YiLeBzwuV29vb/OPJUgAP6+7ubrHtDw8P84/ZURzX8b6P+bY9OTkRPoBRcKUFFuLxo3mx0tJjWEEAGU4UxvNt7xG47qTjPqIX5PX1Nf8KwCBcaYGF9DGsKFhaulsqgAwjP+be3t7yr7Cj9MWDgh0wJq60wJJ4BGZetDw9PeUfT5YAMox0EoDWet365pgGxkqrBCy5uLhYFC1RHLZCsTaMg4ODxXZ/fHzMP2YPjmlgrLRKwJKHh4dF0XJ0dJR/PFmKtWHY7v2xbYGx0ioBS97f35ssXFpc5zGw3fvhxYPAmGmVgBUtFi4trvMY2O7diym00+3qxYPA2GjxgRUtFoUtrvMY2O7dS2e/8uJBYIy0+MCKFovCFtd5DGz37qXbVPgAxkiLD6xosShscZ3HwHbvnm0KjJ3WCVjRYgHT4jqPge3ePdsUGDutE7CixQKmxXUeA9u9W+mb5W1TYKy0TsCKFguYFtd5aKaK7VaM9zg+Pl5sz9PT0/wrAKOgxQdWtFgUtrjOQzJVbPfSQPft27eP19fX/CsAo+BKC6xosRhvcZ2HZKrY7qXb9ObmJv8YYDRcaYEVLRbjLa7zkNLtLXx0wzEM1EIrBaxosZBpcZ2HZHt3zzYFaqGVAla0WMi0uM5Dsr27Z5sCtdBKAStaLGRaXOch2d7ds02BWmilgBUtFjItrvMQHh8fPw4PD23vHtimQC20UsCKFguZmLZ0vs4xnSn9SGdqau0Y65ttCtRCKwWsaLGQubq6Wlpv05j2Iw8fl5eX+VfYkl4loDZaKWBFi4VMTAUb76OYr3f0iNC9Fo+tvulVAmqjlQJWtFrIRAhpdd1LsX27l4cPvUrA2LkCACtaLhLTdY/HWjyK1a2Wj62+2KZAbbRWwJIYgJ0WNK29pTodjD5fXl5e8q+xI8Vy92xToDZaK2AhDx8tFjTR45Fvg6+W6CWJR15eX1/zH8UaLR9bfbFNgdporYCZdeGj5YImej3ybfG35eTk5OPu7q65XqNtOLa6Z5sCtdFaAR+3t7dLRczR0dHsf1sfzBrrn4eMLpboNTk/P5+Flbe3t/yfnZx108TGQjdsU6A2WitgaRrPmIrWHfzNPT8/f1xcXKwdO7Lpcnx8/HF9fT37WVO0bprYWOiGbQrURmsFLBUwwsdu3t/fZz1J896jXZeDg4PZSxGn0DPyWc9HLK33rnUp3a4ANdBaQePysR/0L3o6oscjej7ywny+RI9K7UFkXc8H3bN9gdporaAxX92VjnEJlBUBI8aCxLaP3o98n0xp0evRj3QbA9RAawWNWXdXOhZjP8bh4eHhy56RWhf6YzsDtdFaQWPywjCWuPsufIzLlIKIno9+pdsaoAZaK2iMYgWmxTkN1EZrBQ0x4BymxzkN1EZrBRP32aBzA85hGgQQoDZaK5i4dYPODTiH6RBAgNporWCiYmrXz3o+hA+YDgEEqI3WCiYoH+uhOIHpco4DtdFawYR81usRi6lQYZoEEKA2WiuYiHW9HsZ6wPQJIEBttFYwAevCh7Ee0AYBBKiN1goql4cPvR7QFgEEqI3WCiomfAACCFAbrRVUSvgAggAC1EZrBRW6vb0VPoAZAQSojdYKKpS+3Vz4gLYJIEBttFZQmfzRK+ED2iaAALXRWkFF8kevYqpdoG0CCFAbrRVUxKNXQE4AAWqjtYIKPD4+fhweHi4VGsIHEAQQoDZaK6hA2vOh0ABS2gWgNlorGLF1PR+xXF5e5l8FGiWAALXRWsGI6fkA/kb7ANRGawUjlocPPR9ATgABaqO1gpF6e3tTWAB/pZ0AaqO1gpG6urpaFBXHx8f5xwAzaQCJGxcAYyeAwMisG3j+8PCQfw1g5tu3b0vtRSzRhsSLSwHGSACBkTHwHNhG2luaLz9//sy/DjA4lQ2MTF5AGHgO/E30ksajmnn7IYQAYySAwIhEoZAWDgDb+vPnz8ePHz+EEGC0VDgwEvG8dlownJ+f518B2IgQAoyZAAIjkY79iMIhCgiAXa0LIS8vL/nXAIoTQGAk0iJB+AC6EG3J6enpom05OzvLvwJQnAACI2DsB9CX6PXQCwKMiUoHBmbsB9C36PnQCwKMhQACAzP2A+ibXhBgTAQQGFhaFAgfQF/0ggBjIYDAgF5fX5cCCEBf8l6Qp6en/CsARah4YEAnJyeLYiBmqgHo08XFxaLNOTw81OsKDEIAgYGkg8+/ffs26w0B6NPb29vSuLPLy8v8KwC9E0BgAFEEROiYFwE3Nzf5VwB6cX9/v/QoljekA6UJIDCAq6urxcX/+Pg4/xigVzHdtxACDEUAgcLy3o+Hh4f8KwC9irEfMe23EAIMQQCBwvR+AGMghABDEUCgIL0fwJgIIcAQBBAoKGac0fsBjMm6EGJiDKBPAggUEncV0wu83g9gLPIQEj21AH0RQKCAX79+LYWPuNADjEmEkLSdihcV6gkB+iCAQM9eXl6Wxn1E+PD2YWCM0rZqvkQbBtAlAQR6FEEjxnrML+QnJyfCBzBa0eORB5DT09PZBBoAXRFAoEfX19eLi3jcWXx9fc2/AjA60euRhpBovzyOBXRFAIGe5IPOXbyBmqSz9s1DCEAXBBDowe3t7dKF26BzoEYxW1/alsXA9GjfAPYhgEAPvn//vhQ+jPsAarVuYLoxIcA+BBDoQXqhFj6Amq0bmK4XBNiHAAI9SC/UAFNwd3e3aNdiZiyAXamOoAcCCDA17+/vS49jeQwL2JXqCDqWz34FMBUxps1jWMC+VEfQoXz2q/Pz8/wrANXyGBbQBQEEOmT2K2DK8sew4oWFANsSQKBDae+H8AFM0dnZ2aKdiz8DbEsAgQ6lAQRgiqLXI23r9IIA21IlQYcEEKAFekGAfaiSoEMCCNCCvBcEYBtaDehIzInvggy0Ih2MHtOPA2xKlQQdubq6WlyMj4+P848BJiVt82K5ubnJvwKwlgACHYjej/Ru4MPDQ/4VgEmJmf7SFxNGGwiwCQEEOqD3A2hRhBCPngLb0lrAnvR+AC0TQIBtaS1gT3o/gJYJIMC2tBawB70fQOvSNvDp6Sn/GGCFAAJ70PsBtO7i4mKpHYxxIQBfEUBgD9+/f9f7ATQt7wn+9etX/hWAJQII7MGzzwAfs9AxbwsjjEQoAfiMqgn2IIAA/O90vPH41bw9PD8/z78CsKBqgh28vr5+nJycLN3xA2hZDEBPb8r8/Pkz/wrAjAACW3p8fFx63jmWGIxOGbH9T09PP+7u7vKPgIGlA9KFEOAzAghs6ejoaKnn4+bmJv8KPZoP/P/Xv/6VfwQMLB7F+vHjx1IIeXl5yb8GNE4AgS2lF9Z4FIuy0u3PuOmtalOEkNjv8/P07Ows/wrQOFdw2JICeFi2fz3mvVXGSLUnej3Sc1UvCJByBYctKYCHZfvXw75qW/R8zPe/XhAg5aoAW1JUDcv2r4d91ba8FwRgTosAW3JBHZbtXw/7CscAsI4WAbbkgjos278e9hWOAWAdLQJsyQV1WLZ/PewrHAPAOloE2EK8VMsFdVi2fz3sKxwDwDpaBNjQ7e3t0sX0/Pw8/woFKGjqYV+RHgNvb2/5x0CjXBVgQ/N3GsQSb/qNl21RnqK2HvYV8Q6Y+TEQf765ucm/AjTIVQE2lBZTwsdwFLX1sK+4urpaOg5iiUdZgba5KsCGFFPjYD/Uw74iPDw8fBwfHy8dD3pCoG2uCrAhxdQ42A/1SB+/cde7bdFrHI+uzo+HODaAdrmCw4YUvuNgP9Qjf/zGXe+2RQhx/gJBCwAbcuEcB/uhHu56k3P+AkELABty4RwH+6Eu7nqTciwAQQsAG3LhHAf7oT72GXOOBSBoAWBDLpzjYD/Uxz5jzrEABC0AbMiFcxzsh/rYZ8ylM6M9PT3lHwONcDWADSmixsF+qI99xtz5+fniWDg8PPRSV2iUqwFsSBE1DvZDfewz5t7e3j4ODg4Wx8Pl5WX+FaABrgawIUXUONgP9bHPSN3d3S2OB1MzQ5tcDWBDiqhxsB/qY5+Rc0xA25z5sCEXzHGwH+pjn5FzTEDbnPmwIRfMcbAf6mOfkXNMQNuc+bAhF8xxsB/qY5+Rc0xA25z5sCEXzHGwH+pjn5FzTEDbnPmwofQFWi8vL/nHFKJwqY99Rs4xAW1z5sOG0hdonZ2d5R9TiMKlPvYZOccEtM2ZDxuKXo/0oqkXZBgKl/rYZ+QcE9A2Zz5sIXo+5hdNvSDDULjUxz4j55iAtjnzYQt5Lwjl2f71sc/IOSagbc582JIL57Bs//rYZ+QcE9A2Zz5syYVzWLZ/fewzco4JaJszH7bkwjmsdDpk6uCcIeeYgLY582FLLpzDurm5mW37y8vL/CNGyjlDzjEBbXPmw5ZcOGE7zhlyjglomzMftuTCCdtxzpBzTEDbnPmwJRdO2I5zhpxjAtrmzIctuXDCdpwz5BwT0DZnPmzJhRO2Y+YyctpRaJszH7bkwgnbMXMZOe0otM2ZD1ty4QTYj3YU2ubMhy25cALsRzsKbXPmw5ZcOAH2ox2FtjnzYUvpgNq7u7v8YwD+QgCBtjnzYUsXFxeLC2eEkdfX1/wrAHxBAIG2OfNhS+/v7x+Hh4eLi+fR0dHHnz9/8q8B8AkBBNrmzIcdPD8/Lz2KFb0iAGxGAIG2OfNhR79+/Vp6FAuAzQgg0DZnPuzBRRRge9pOaJszH/bgIgqwPW0ntM2ZD3twEQXYnrYT2ubMhz24iAJsT9sJbXPmwx5cRAG2p+2EtjnzYQ8uogDb03ZC25z5sAcXUYDtaTuhbc582IOLKMD2tJ3QNmc+7CF9G/rLy0v+MQBrCCDQNmc+7OH8/HxxET07O8s/BmANAQTa5syHPUSvR3oh1QsC8HcCCLTNmQ97ip4PvSAAmxNAoG3OfNhT3gsCwNe0mdA2Zz50wMV0eh4fHz9OT08/7u7u8o/2Ej/38PBwdqzE/3b986EG2kxomzMfOuBiOj3fv3+f7c+Y6axL8587X7r++VADbSa0zZkPHXAxnZ50n3bZS5H+XMcMrXL8Q9uc+dCB9H0gr6+v+cdUKN2nXfZS5OFDAUZrnp6eHP/QOGc+dCCdCevq6ir/mArd3Nz0UiTl4aPLnw1j9/v376XHEH/8+JF/BWiAKx904OHhYXFBjYvrnz9/8q9QoS5DQjr4PF9+/vyZf30wfQ2+h2gXT05OltrKt7e3/GtAA/a/qgIz6V29+/v7/GMqlD6GtW9IyAef58u+P78rfQ2+h4uLi8XxHsfX8/Nz/hWgEQIIdCQKyPnFNe4gU794nK6rkJAHjijG4vGTrn5+F6LXI/19oCu3t7dLx1b8f6BdrjDQkXiUQPE2LfHISFchYenY+H//f7Z0+fP3lQZoxzBdS3sALy8v84+BxrjCQIcUb9OzLiTEAPVtLR0b/w0gn4WQXX7+LqLH47NxKYpEupQeW8bIAaok6FCXYwYYjzwkbDs+Iu9dSAPIuhCy7c/fRf47zZf4PRSIdG3p+AeapyWADuVjBkrdyaZ/UZSn+zZ6DtbNFJXPIpUX+ufn5ysBZB5C+izS3t/fZ7/LZz0e899N+KAPfR7bQH20BNChIe5kU07aw/XZ/k1nkcrDx6J3YU0AiSX9+S8vL/mP3sk8eBwcHCz9Liu/E/QoPeYAtATQsb7vZDOc/OWE2yx/Cx+xRA/E/Pvxcst9fDW+Y77o8aCU9LgD0BJAD1xspy3vCfnbskn4iCV6PdK/t2svSN7zMl8+e2wM+pQfjwBaAuiBi+20bdMTsuhlWBM41i3R8zH/u3kvyLxXY12Q+KrHY933oYT8/R+zMVBA81RH0IP0DvnT01P+MROWFlt5uNhkyXtB4u5xyO8ip+NP8s/mi/EdDC19/4fjEZgTQKAH8Zbr+UU37j676LYjDQB5uNh0SY+fWP7973+vhIv//Oc/n/Z4xGJ8B2OQHpOOR2BOAIEexFvRvfm3TWnBlQeLTZd8NrVNF3eYGZul8wHgv7QI0JOHh4eli++uA4qpy1LBtSZcbLpEkEjHg/xt0ePBGC2dDwD/pUWAHn01oJhpWiq41gSLbZc8yOaL3jXGKsa/zY/TeFwQYE4AgR7lA4r1gkxf1wEklqWfCZWIcDw/bq+vr/OPgYa5mkHP9IK0RQCB/5WOg3t+fs4/BhrmagY9y3tBmDYBBDx+BXzN1QwKUEC2QwABj18BX3M1gwIUkO1IX0I5e4ngmkCx7eL4oTYevwK+4moGBSgg23F1dbW0v29ublYCxbaL44faOGaBr2gZoAAX43bkLxGMHpE8UGy7OH6oiXFvwN9oGaAAF+O2RAhZ2udrQsWmy/v7u+OHasSxf3x8vDheT09P868ACCBQQjouIGaHYfq6CCDxEsKDgwMBhGrEuKf5sRrt3uvra/4VAAEESjg/P19clGNKyrhLyLR1EUDSgbyxxKNdMFYx2Dy92TIb/wSwhgACBby9vS3dyY4pKpm2NDhE6Ly7u1sJGH9b0p8x+/swUvGoYBzn8+P15OQk/wrAggAChUQBOb84zwYmM2npneDFPl8TMr5a0r8PY3Z2drY4VuNmy+/fv/OvACy4qkFBCsp2xOMn6f6e7fM1IeOrxfHCmMUYpbTXY77Efwf4iqsaFJTeFY+pKpm+fV5MKIAwZvkYpVguLi7yrwGscFWDgtLB6PHIAtO3z4sJBRDGKmbzy8NHtGkm2AA24aoGBXlBV3v2eTGhY4Wxiok05sfm9fV1/jHAl1zVoDBFZXvyFxNuOiuWY4WxSh+/iul3AbbhqgaFKSrbtMusWI4Vxih9/CrCNMC2XNWgMEVlm9bNihXF21djQhwrjJHHr4B9uapBYemd8LiTSFvynpBYZjOiCSBUII7V9Bj2+BWwC1c1KCydCSvugJs1pi3rekLmx8J8XMjj4+PK+xVgaNFWHR8fL45JbzsHduWqBoW9vb3N3hQ8v4jH4wy0J58R7W8LDC0et5ofj9EL8vr6mn8FYCOuajCAuNOdFpezF9TRnPRZ+q8WIZWhRRuVHpOzsUsAOxJAYCDx0i4hhPDZY1mCB2OQh494rw3APgQQGEj+grpYZoORAUZiXfgwbg3YlwACA4oL+enp6eLiHr0iAGNwe3srfAC9EEBgYPlgZL0gwBikbzsXPoAuCSAwAul4EL0gwNDSGyMxa5/wAXRJAIERyHtBAIb069cvN0WA3qh0YCQEEGAs0gkyIowAdEmlAyMRL/aaX/C94AsYSj7zlXFpQNcEEBiJdBzI1dVV/jFAr97f32dtTxo+vPMD6IMAAiPx8PCwuOjH7DMGfQKlxJS7Mdg8Dx/aIaAPAgiMSDrt5f39ff4xQOfyR66ED6BvAgiMSFoIxAsKAfpwd3f3cXh4uBI84r/FZwB9EkBgRN7e3paKAYCurevx0OsBlKTCgZERQIC+xFiPPHjEcn5+LnwAxahwYGTS6XjjTiVAV9JxZno8gKEIIDAy+TSYnskG9nFzc7N2vIfwAQxFAIGRiaIgfQtxLNErArCNeKHpycnJSvCYLwBD0QLBCEUIubi40BMC7CR6PdLHOfPl8vIy/ysAxQggMGJ5AaEnBPjKul6PaDcikACMhQACIxZFQ37nEmCd6CHNb1pEGIlQAjAmqhmogJmxgK+8vLwstRN6PYAxE0CgAvnMWPH8dry0ECDGjB0fHy/ah/izXg9gzAQQqMBnM2O5wwlcX18vtQvCBzB2AghUIkLI2dnZUgjxSBa0K9qE6A1N2wM3JYAaCCBQmYeHh6XHLYQQaE88gpnPdhW9pAA1EECgQuseyRJCoA3Pz88f379/Xzr/oyfEm82BWgggUKl1ISQGqytCYDpiat14CWl6nqdLjPm4vb3N/xrAqAkgULF1IeTo6Gh2hxSoW/Rq5oEjXaIXxLkO1EgAgcp9NjjdYFSo0+/fv1cGl+fL6empqbiBagkgMBHxqMbBwcFSkWJcCNTj/v5+pUczlvhvHq0EpkQAgQmJO6JxZzQtXowLgXGKsRtfje8QPoCpEkBgYtaNC4npOuOxDmB47+/vax+bzINH9IgATJEAAhO0LoTE41nxDhFgODFo/LNejxhUHm81d7MAmDoBBCZs3Sw6MbjV4FUoK3o94nyMaXPT8/Hi4sIjVkBzBBCYuKenp5WXlkURFGNDBBHo1zx45BNExDkYE0cAtEgAgQasG5w+L4LikQ93YKF762amiyXe1fP6+pp/HaAZAgg0JHpD1gURLy+E7kSgX/cejxj7odcDQACBJn0WRLy8EPYTvY0x65zgAfA5AQQatu4RkZeXl/xrwAaiFzEfbxU9IR5xBFgmgEDj8ju28X4C4GvRW/jZdLqxxPiqeNEgAKsEEGDW66EXBP4uBo/nj1jlS/SCGFMF8DkBBJjJ38wcd3dN1UvrIozHefBVb0e6xNgq5wzA1wQQYCbvBZkv3hlCazYJHXFemLQBYDcCCLCwbupQBRdTFZMwfBUyPlviESzv8QDYnQACrPXw8PBxfHy8UnzFFL5Qu3g7eX5sr1tiPEcEc8c9QHcEEOBLEUTiRYXzgizuGJtWlJr9LXwIHQD9EkCAv4rxH+n7QiKEmGKUGry/v3/c399/XFxcrH3c6sePHwI1QGECCLCReF4+L97iTjKMTQwij/FKf5suV/gAGIYAAmwsZgbKizghhJI2maFqk+X8/Fz4ABiIAAJsJYq2uHOcFnNCCH3aN3TEGKb4+4+Pj/mPBmAAAgiwtXUhJAbtelcIXYrHqHYJHTFldLxYM8Yp/f79O/+xAAxMAAF2si6EeGkhXYh3bHw2fsMMVQD1E0CAnUUIiTvNeZE4X+LutZcXsqn5o1YRZIUOgOkSQIC9ffbSwvkShSWs89X4jggiAizA9AggQGf+FkTSJQpOj2tNT7x3IyYlWBcotlniEax4FAuA6RFAgF7Ene28qFy3GDcyDfPgkb6wctvFo1YAbRBAgN5EMZkXmZ8tgkid9g0eQgdAewQQYBDbPK6VL/F4TxStHtHpXgSK+/v7j4uLi50fo4q/d3d3l/9oAJgRQIBB7RNEYomxAlHseqv17uJxuRjs/dnUt5suggcAmxBAgFHYN4jss0ThfH5+Piuep/QI2K4v8tt2ETwA2IYAAlTn+fl59ohQ/r6IrpYIQtfX17N/p0Zfvchvk+Xo6Gg2Hufx8TH/0QCwNwEEqFaMV7i9vZ0VzHkRbdl8iSAXL5SMbfn79+98MwNApwQQoHnR0xE9HkM9AtbX4kV+AIyRAAKQiDEgMZ4hxoTsOrXsGBYv8gNgrAQQAACgGAEEAAAoRgABAACKEUAAAIBiBBAAAKAYAQQAAChGAAEAAIoRQAAAgGIEEAAAoBgBBAAAKEYAAQAAihFAAACAYgQQAACgGAEEAAAoRgABAACKEUAAAIBiBBAAAKAYAQQAAChGAAEAAIoRQAAAgGIEEAAAoBgBBAAAKEYAAQAAihFAAACAYgQQAACgGAEEAAAoRgABAACKEUAAAIBiBBAAAKAYAQQAAChGAAEAAIoRQAAAgGIEEAAAoBgBBAAAKEYAAQAAihFAAACAYgQQAACgGAEEAAAoRgABAACKEUAAAIBiBBAAAKAYAQQAAChGAAEAAIoRQAAAgGIEEAAAoBgBBAAAKEYAAQAAihFAAACAYgQQAACgGAEEAAAoRgABAACKEUAAAIBiBBAAAKAYAQQAAChGAAEAAIoRQAAAgGIEEAAAoBgBBAAAKEYAAQAAihFAAACAYgQQAACgGAEEAAAoRgABAACKEUAAAIBiBBAAAKAYAQQAAChGAAEAAIoRQAAAgGIEEAAAoBgBBAAAKEYAAQAAihFAAACAYgQQAACgGAEEAAAoRgABAACKEUAAAIBiBBAAAKAYAQQAAChGAAEAAIoRQAAAgGIEEAAAoBgBBAAAKEYAAQAAihFAAACAYgQQAACgGAEEAAAoRgABAACKEUAAAIBiBBAAAKAYAQQAAChGAAEAAIoRQAAAgGIEEAAAoBgBBAAAKEYAAQAAihFAAACAYgQQAACgGAEEAAAoRgABAACKEUAAAIBiBBAAAKAYAQQAAChGAAEAAIoRQAAAgGIEEAAAoBgBBAAAKEYAAQAAihFAAACAYgQQAACgGAEEAAAoRgABAACKEUAAAIBiBBAAAKAYAQQAAChGAAEAAIoRQAAAgGIEEAAAoBgBBAAAKEYAAQAAihFAAACAYgQQAACgGAEEAAAoRgABAACKEUAAAIBiBBAAAKAYAQQAAChGAAEAAIoRQAAAgGIEEAAAoBgBBAAAKEYAAQAAihFAAACAYgQQAACgGAEEAAAo5n8AIXI9te1huU0AAAAASUVORK5CYII=','png'),('テストユーザー','1/6_person_4_on.png',NULL,'2024-10-02 14:12:00','2024-10-02 14:12:13',0,'iVBORw0KGgoAAAANSUhEUgAAAyAAAAJYCAYAAACadoJwAAAvGUlEQVR4Xu3dK1Qk2dao7ZYtkSWOQGyBRCKRJZFIJLIkDolEIpFIJBKJRCJLljoD2ZIzJn0iezEzuWSyYsUln2eMd/z723/vog4ZHStmxu2vFwAAgEb+yv8FAABAXwwgAABAMwYQAACgGQMIAADQjAEEAABoxgACAAA0YwABAACaMYAAAADNGEAAAIBmDCAAAEAzBhAAAKAZAwgAANCMAQQAAGjGAAIAADRjAAEAAJoxgAAAAM0YQAAAgGYMIAAAQDMGEAAAoBkDCAAA0IwBBAAAaMYAAgAANGMAAQAAmjGAAAAAzRhAAACAZgwgAABAMwYQAACgGQMIAADQjAEEAABoxgACAAA0YwABAACaMYAAAADNGEAAAIBmDCAAAEAzBhAAAKAZAwgAANCMAQQAAGjGAAIAADRjAAEAAJoxgAAAAM0YQAAAgGYMIAAAQDMGEAAAoBkDCAAA0IwBBAAAaMYAAgAANGMAAQAAmjGAAAAAzRhAAACAZgwgAABAMwYQAACgGQMIAADQjAEEAABoxgACAAA0YwABAACaMYAAAADNGEAAAIBmDCAAAEAzBhAAAKAZAwgAANCMAQQAAGjGAAIAADRjAAEAAJoxgAAAAM0YQAAAgGYMIAAAQDMGEAAAoBkDCAAA0IwBBAAAaMYAAgAANGMAAQAAmjGAAAAAzRhAAACAZgwgAABAMwYQAACgGQMIAADQjAEEAABoxgACAAA0YwABAACaMYAAAADNGEAAAIBmDCAAAEAzBhAAAKAZAwgAANCMAQQAAGjGAAIAADRjAAEAAJoxgAAAAM0YQAAAgGYMIAAAQDMGEAAAoBkDCAAA0IwBBAAAaMYAAgAANGMAAQAAmjGAAAAAzRhAAACAZgwgAABAMwYQAACgGQMIAADQjAEEAABoxgACAAA0YwABAACaMYAAAADNGEAAAIBmDCAAAEAzBhAAAKAZAwgAANCMAQQAAGjGAAIAADRjAAEAAJoxgAAAAM0YQAAAgGYMIAAAQDMGEAAAoBkDCAAA0IwBBAAAaMYAAgAANGMAAQAAmjGAAAAAzRhAAACAZgwgAABAMwYQAACgGQMIAADQjAEEAABoxgACAAA0YwABAACaMYAAAADNGEAAAIBmDCAAAEAzBhAAAKAZAwgAANCMAQQAAGjGAAIAADRjAAEAAJoxgAAAAM0YQAAAgGYMIAAAQDMGEAAAoBkDCAAA0IwBBAAAaMYAAgAANGMAAQAAmjGAAAAAzRhAAACAZgwgAF/0/Pz8cn5+/rK7u/vy119/qXHxe//169fLnz9/8kcDwIQYQAA+0Q0eOzs7SwfFat/ff/9tEAGYMAMIwP/3+/fvl+vr65eTkxNnOSZQDCLHx8cvV1dXL09PT/njBGCkDCDA1np8fHz9Jn2dYSP+2RhS/u//+Z8ad3t7+7K/v7/0mXT9+PHj5efPn69nq+7u7pwhARgpAwgwa7XOahg8xtNng8iq3D8CMB4GEGCW4rKcdQeOuKQnvkG/uLh4eXh4WDrw1biKM1iXl5cvR0dHX74/x/0jAMMzgACzEmcpvjp4xCU7p6enL/f390sHt5peMZDE5x8DxuHh4dLnnQeRs7Ozl3/++SdvQgD0zAACzEZc+7/qQNNZDb132dbBwcHrZXoAtGMAASYvHpMb33rng8t4QlJ8w50PRrW9rRpE4vKt+O8BaMMAAkzSR5daxRkPg4c+atXZsveK7czjfgHqMYAAk/LR4GH40DrFvT9xH1Dehj4r/jcGEoDNGUCA0ereQP7RwNHlMbnapHga1mc3rH+W948ArMcAAoxSfLv82aNV3eOhFm3yuN8YSjzuF2A1AwgwOp9dn2/w0JCtM5B47wjAMgMIMBqr7u9waZXG3lfePxKDSLxzxj0jAAYQYCRWnfVwQ7mm2qrH/XbFu0diYPESRGBbGUCAQcW3xycnJ0sHaS6z0hz6aBCJy7c8TQvYRgYQYBBx0JUvt4qc9dAce3h4eB2041KsvM2vKv7dcMkWMFcGEKC5VZdbGT60DcWjpWP43tvbW9r+38slW8DcGECAZuLgK27ULQ+u4nGl8U1vvBQuH6xJc26dp2lF8c94ohYwBwYQoFe/f/9+/fY2Lj/JB1nOeEir++iSrfjvYmiJM4kxuMdgDzAlBhCgF+/d42H4kL7eVy/Zin/XnB0BpsIAAlS16jKrfKDkvR7S+n30RK3879jNzU3+VxNgNAwgwLeteoFgV1wuEmc7Li4uXi8ryQdVktbrKy8+jOLyLIAxMoAA3/LeE60il1lJbVp1diS+FPDkLGCMDCDAxt4bPlxmJQ1T3ANSPuwhnjAHMDYGEGBtq+7zcLZDGkcx/Jf/bsYQ4uZ0YEwMIMBa4ok8Hqcrjbt4TG/572jci+UpWcBYGECAL1t1yZXhQxpf8e9kHkK64hLJ+CIBYCgGEOBTqy65cp+HNP5W3ZzeFV8oAAzBAAK8KwaPOEhxyZU07d4bRAwhwBAMIMBK8SKzPHgYPqRpF//uxr/DhhBgSAYQYEm86CxuWi0PUlxyJc0jQwgwNAMI8EYcnJSXahg8pPllCAGGZAAB3jg7O1sckMRZkKenp6WDF0nTzxACDMUAAiyUw0d0cXGxdNAiaT4ZQoAhGECA17McBwcHbw5C4qAkH6xIml+GEKA1AwhsuXjaVb7h3JOupO3KEAK0ZACBLfbnz583w0f8Z5ddSduZIQRoxQACW6x8u/ne3p4bzqUtzxACtGAAgS2Vz37Em5LzwYik7csQAvTNAAJb6vT0dHFwEe/9yAchkrY3QwjQJwMIbKE4kCgPLJz9kJQzhAB9MYDAlsnDh8ftSnovQwjQBwMIbJFVw4fH7Ur6KEMIUJsBBLbE1dWV4UPSRhlCgJoMILAF4uBhZ2fH8CFp4wwhQC0GENgC19fXiwOG3d1dw4ekjTKEADUYQGALHBwcLA4WvOlc0ncyhADfZQCBmXt8fFwcJMSLB+MFhPmAQpLWyRACfIcBBGaufOHg0dHR0oGEJG2SIQTYlAEEZiw/dvfu7m7pIEKSNs0QAmzCAAIzlYcPLxyU1EeGEGBdBhCYoVXDhydfSeorQwiwDgMIzIwXDkoaIkMI8FUGEJiReMJVPOnK8CFpiAwhwFcYQGBGfv36tVj09/f3DR+SmmcIAT5jAIGZyGc/bm9vlw4MJKlFhhDgIwYQmIl4x0d59iMfEEhSywwhwHsMIDAD8X6PcpF/eHhYOhiQpNYZQoBVDCAwcbHA7+3tLRb3k5OTpYMASRoqQwiQGUBgwp6fn19OT08Xi/rOzs7rvSD5AECShswQApQMIDBRcdlVDBzlgn55ebm08EvSGDKEAB0DCExQfuJVFAt7XvAlaUwZQoBgAIEJKt/38ePHj5fr6+ulhV6SxpghBDCAwATF0NEt3N73IWlqrRpC4osUYDsYQGBi7u/vFwv27u7u0sIuSVMoDyFxWenT01Pe5QEzZACBiSmfenV2dra0qEvSVIon+cUXKd0+LR4pHoMJMG8GEJiY8vIrLxyUNPViP1Y+VCPeZQTMmwEEJqa8Zjov5JI0xeIR4uW+LR4zDsyXAQQmIhbk8lIFA4ikOXV0dLTYt8WZ3rg8C5gnAwhMRHnpVXR8fLy0gEvSVIv3G5X7OZdiwXwZQGAi8vARN2rmBVySptzNzc2bfV08ZhyYHwMITMDj4+NiQd7Z2VlatCVpLsUXLOX+zqN5YX4MIDAB5Q2acZ10XrAlaS55NC/MnwEEJqB8WVcMI3nBlqQ5lR/NG2dFgPkwgMDIXV1dvbkmOi7Hyou1JM2t/GjeOPvryVgwDwYQGLnyqTBxJiQv0pI018r7QbrLsdwTAtNnAIGRKxdfT76StG2dn5+/2Q/GjemejgXTZgCBEcuXIOSFWZK2oRg4YvAo94cXFxd5lwlMhAEERiru9cg3YeZFWZK2pbj0Ki7BKoeQ+/v7vOsEJsAAAiMUl1rt7+8vFtmDgwOXX0na+uIm9MPDw8W+MR7X6xG9MD0GEBih8prnOAsS3/zlhViStrE/f/68uRzr9PQ070KBkTOAwAiVT76K65zzAixJ29z19fWbS7HiSxtgOgwgMELlwpoXXknS/17fC2IIgWkygMAIGUAk6ePi3o94N5IhBKbHAAIjE9c3G0Ak6fMMITBNBhAYmV+/fi0W0ngSVl5wJUn/tWoIiceYA+NlAIGRKW9Aj5dv5cVWkvS2GELKx/PG/SHAeBlAYETiW7tuAY3HTOZFVpK0unL/6SwIjJsBBEbk8vLyzTd4eYGVJL1f+WQsZ0FgvAwgMCLl4hnDSF5cJUnv5ywITIMBBEYinn4Vbz0vF868uEqSPs5ZEBg/AwiMhKdfSdL3y2dB7u/v8+4WGJgBBEYgn/3w9CtJ2ryTk5PF/nR3d/f1KVnAeBhAYASc/ZCkesWXOuUjzU9PT/NuFxiQAQRGwLs/JKluNzc3by7Fin0rMA4GEBiBcpHMi6gkabOOj48X+9Z4t9LT01Pe/QIDMIDAwOLaZAOIJNXv+fn59R6Qbv+6t7fnfhAYAQMIDOz6+nqxOMZCmRdQSdLmPTw8vHnIR9ygDgzLAAIDOzg4WCyMFxcXS4unJOl7xYtdyzPNd3d3eVcMNGQAgQGVz6uPb+jiyS154ZQkfb/yBYXx4I+4PAsYhgEEBlQ+fjcWx7xgSpLqlB/N61IsGI4BBAYUT2UpLwnIC6YkqV750bzn5+d5tww0YACBAZULYV4oJUn1Kx/NawiBYRhAYEAGEElqWzyG9+fPn2/2v/EAEKAdAwgMyAAiSe1bNYT8/v0776KBnhhAYEAGEEkaphhC9vf3F/vgeCcT0IYBBAZyf39vAJGkAYv7P7p9sKdiQTsGEBhAnOovHwcZlwLkhVGS1G/lF0G7u7uvZ0WA/hlAoLFY4Mq3n8cg4gWEktS+2B/HS2C7/XHsm90LAv0zgEBjcZq/W+xi4Xt4eFhaFCVJbSpfCBvF+5lub2/zrhuoyAACDV1dXb1Z6OL/zouhJKlt5b0gXd4PAv0xgEAjcZlVear/9PR0aRGUJA1T3A9S3psXPT4+5l05UIEBBBopT/PHox/j2uO8AEqShiu+KCrv0YsvioD6DCDQQD77EdcX54VPkjR8sX/u9tWx3479N1CXAQQayGc/8oInSRpPe3t7i3325eVl3qUD32QAgZ45+yFJ0yqGjm6fHfeFAHUZQKBnzn5I0rTK7wfxWF6oywACPYp3fORFLC90kqTxVX55dHh4mHfvwDcYQKAnz8/PL7u7u85+SNIEe3p6Wuy/o9inA3UYQKAnR0dHi4UrzoLEYpYXOEnSeCsfyRtntIE6DCDQg/IGxuj6+nppYZMkjbt4D0i3H7+6usq7emBDBhDowc7OzmLROjk5WVrUJEnjr/wyKe4JAeowgEBl9/f3iwUrBhFvPJekaXZ3d7fYn//8+TPv7oENGUCgsvPzc2c/JGkGxXucuv2594FAPQYQqCyeduXeD0maR+UltbFPB77PAAIVld+WRfHYxryYSZKmU5zJ7vbp3RMNge8xgEBF8e1Yt1DF4xvzQiZJmlb5nU57e3uv9/YBmzOAQEXHx8eLRSruBckLmSRpesU7QOLsR7d/j7MiwOYMIFBJXH5VLlCxYOVFTJI0zfL7nR4fH/MyAHyRAQQqKd98Hjei58VLkjTt4lG83X4+XlIIbMYAAhWUz4p39kPbVLnd5/I/K02929vbxfYdZ7zjzDewPgMIfFPcjBg3JXaLknd/aM7lIWOd8p8lTbFyfx+XZQHrM4DAN52dnS0Wo3hefHwjlhcsaerlYeI75T9bmlLlvSBeTgibMYDAN5RvPY9iYcqLlTT18gBRo/wzpKkUZ73LB47EZVnAegwgsKE8fMTNiXmh0vvlA9JV5f+N2pc/k5rlnyVNpV+/fi2248PDw7w8AJ8wgMAGVg0f8a1YXqT0tnwAuk75z1L/5c9gVR/J/+x75Z8rjb14G3q5Df/+/Ttv/sAHPl49gCVXV1dvFh7Dx+flA87vlP9s1S//zle1jvy/XVX+O0hjL858dNvv9fV13uyBD6y3isCWixvM40bzbtExfHxcPsisWf5Zqlf+XZd9R/6zfJ6acuWZcG9Gh/V8bzWBLRMvnuoWnHjZoOHj/fIBZh/ln6nvl3/HZTXkP9Pnqal2f3+/2HZ3d3fzpg58oM6KAlvg8fHxzcGSlw2uLh9UftRH8j/7UfnvoM3Kv9ey2vKf77PU1MpPw3IfCHxd/VUFZurg4GCx0BwdHS0tRvq3fECZ20T+M1aV/x5av/w7/c5n9pn8M3yOmmLuA4HN9LOywMzEc967RSa+8fKywdXlg8myGvKfWZb/Llqv/Pus+bm9J/8sn6WmlvtAYDP9ri4wA3GaPd522y0y8ebzvAjp/QPYqKb8Z5flv5O+Xv5d1v7c3pN/ps9RU8p9ILCZNisMTFj5DVcMIm48Xy4fQLY4gM0/y8Hr5uXfYYvPr5N/ps9RUyrfBxL3CgKfa7PCwETFy6bKxSWu8c0LkIY5gM0/y4Hr5uXfYd+fXZZ/ts9RUyruCey223g0O/C5tqsMTEx543n857zwaPXBa6sD2PwzHbxuVv79tfr8Ovln+ww1pfIXVXHPIPCxtqsMTMjFxcViQYnFJRaZvPBonAevDmDXK//ufIbSev369Wux3cY7ooCPtV1lYCLyN1oxjOQFR6sPXB28Tqv8e2v9+XXy38FnqCkVT0bc2dlZbLuXl5d5EwcKw6w0MHLls91devV++YDRwev0yr83n6G0WTF0dNtu98ASYLVhVhoYsaurq8Ui4tKrj8sHjA5ep1f+vfkMpc1a9ch2YLVhVhoYqTiN7tKrr5UPFoc8eA357+EA9mvl39lQn2H+O/j8NMVWvbQWWDbMSgMjlW8kzIuL/isfLA514NrJfxcHsF8r/86G+hzz38Hnp6kWa0e3DXs7Oqw2zEoDI5TPfsQ3WXlh0X/lg8WhDlw7+e/iAPZr5d/ZUJ9j/jv4/DTVHh4e3mzHHssLy4ZZaWCEnP1Yr3ywONSBayf/XRzAfq38Oxvqc8x/B5+fptzx8fFiO46nY/3+/Ttv8rDVhllpYGSc/Vi/fLA41IFrJ/9dHMB+rfw7G+pzzH8Hn5+m3PPz88vu7u5iW46nKXoqFvxnmJUGRsbZj/XLB4tDHbh28t/FAezXy7+31p9l/tk+P82huBSr/GIr1hngX21XGRihx8dHZz82KB8stj5ozfLfxQHs18u/t9afZf7ZPjvNpfLdIJH7QeBfbVcZGJm7u7s3z2330sGvlw8YWx+0Zvnv4iD26+XfW+vPMv9sn53m1NHR0WK77t4tBduu7SoDI1MOH146uH75oLH1gWsn/x0cxK5X/r21/Czzz/TZaW7l+0H29vbcD8LWa7PCwEiVBzxeOrh++aCx1UFrlv8ODmDXL//+Wn2W+Wf67DTH8v0g3g/CtmuzwsBIOej5XvnAseWBayn/fJ/n+uXfX4vPMv8sn53mXL4fxKN52Wb9ri4wQnHfR3k63EHP98q/x6il/LN9npuXf4d9fp75Z/jctA0dHh4utvXz8/P8rwVsjX5WFhix8r4PBz7fL/8eu1rIP9Nn+b3y77HPzzL/DJ+dtqGbm5vFth5fhMG26mdlgRHLBzwOfL5f/l129Sn/LJ9lnfLvso/PM/+5PjdtS3HzebwZvdvm494Q2Eb1VhSYiHzQ4+Dn++XfZVef8s/yOdYr/05rfab5z/K5aRuLG9C77f709DT/awJb4XurCUxQedBTPpUkLxJar3xAWVZT/rPL8t9Jm5V/r7lN5D8jl/8O0ly7v79fbPdxNsQjedlGm60kMGHlQU88ejf+v/EtVF4ktH75oLKshvxnluW/i75X/v2+10fyP/te+WdLc698EIq3o7ONPl49YIYc+PRXPrBc1Sbyn7Gq/HdRnfLvuXb550nb0NnZ2eLfgXhTOmybzY4GYMIc/PRbPsD8qI/kf/aj8t9Bdcu/7xrlnyFtU09PT4t/F+JS4HhbOmyTj48AYIYcBLUpH3D2Uf6Z6q/8u/9O+c+WtrGDg4PFvxNXV1d5qYJZM4CwdRwItSsfeNYs/yy1KX8O65T/LGmbK9+MHsMIbBMDCFsl3jzrgKh9+UD0O+U/W8OVP5tV5f+NpH/78+fPmycxxtOxYFsYQNgacYq7PDA6Pj5eWhDUb/ngdJ3ynyVJUy/WoW4ft7e355G8bA0DCFvjx48fix39z58/X3f0eTFQu/KAsar8v5GkORVnQco3o8dZetgGBhC2Rnlga/iQJI2h8ux8XJIVT8iCuTOAsBXiEYe+WZckjbHyiViHh4d5CYPZMYAwe/GW2fIUtwFEkjSmHh8f39yQfn19nZcymBUDCLNX3vsRxf0feecvSdKQlW9Hj3Ur7g+BuTKAMHvl8BHfKuWdviRJQxf3Ju7u7i7Wq5OTk7ycwWwYQJg9l15JkqbQ3d3dmzXLu0GYKwMIs2cAkSRNpfLdIPv7+94NwiwZQJg9A4gkaSrlN6RfXl7mZQ0mzwDC7BlAJElTKoaObt2KYcQN6cyNAYTZM4BIkqZUXHYVl191a1dclgVzYgBh9gwgkqSpFTegl+vXw8NDXt5gsgwgzJ4BRJI0xfIN6TAXBhBmLd4uawCRJE2xfEP6zc1NXuZgkgwgzFa+hvbw8HBp5y5J0pg7Pz9frGPxhnSP5WUODCDMVrnTjm+Qnp6elnbskiSNuRg4YvDo1rNY22DqDCDMVrnDvri4WNqpS5I0hW5vb998oeaxvEydAYTZ6nbWUd6ZS3d3d6+X5V1fXy/9/5OksXVwcLBY005OTvKSB5NiAGG2DCD6qPIM2ZDt7u6+XF1dLf39JKksP1Ql/m+YKgMIs1Te/xHlHbmUB4ExFMOIMzKS3uvo6Gixv4j/DFNlAGF24tvk8qAunqOed+JSPvgfW4YRSTlnQZgLAwizU15a8/Pnz9cniOSduJQP+IcQ22Zcy53/Ll1xs2n+e0va7pwFYQ6GWXWhJ+W3Qzs7O4YPvVt5oH96epo3pebiSW15AIny31vSdpfPgtzf3+fdCYyeAYRZKS+/im+G8o5b6ioX8LExgEj6qPLMaVyu6eWETM34Vl74hnKnfHl5ubTTlrri8qZuW4mzD2NiAJH0UfEekPJy4zGcxYV1GECYlXKHHKep805b6vr169diW4lhZEwMIJI+6+bm5s2+YmxfpMBHDCDMRlwH2+2I45R03llLZXHJQnkWJB7dPBYGEElfKZ7yONYvUuAjBhBmI05Bdzvis7OzpR21lCvPgkSxDcWlDUMzgEj6SvFFSrm/gKmwtTILcdBYfpv98PCwtKOWcrF4x6OaywU8tqOhL2UwgEj6auXa570gTIUBhFkov8ne399f2kFL7xVDSPlc/a4hhxADiKSvVl6G5b0gTIUBhFkobz6/vb1d2kFLnxXbTQyv5cF/3EsUj3ZuzQAi6at5LwhTZABhFhywqUb5xvSu1veF2J4lrVN5FiS+SPFeEMbOAMLk3d3dOWBTtVa9kbz1WRDbs6R1yvdBxnuwYMwMIExeefmVAzbV6vr6+s121fJyLNuzpHWLoaPbb8Qw0vrMLazDAMLklQdr8RjVvFOWNun5+Xnl5Vh9vi8kfmb8+QYQSesWl12V97HFZVkwVgYQJs/BmvqqfLdM2aZnQ+Jm0XhiW/zv85/5XvnvJEnvVb6QN/JYXsbKAMKkefu5WrTqfSEtckZP0rqVjxX3WF7GygDCpJ2cnCx2tN5+rj6LIaTc3voqBum4/yT/fEn6SvmxvDBGtkwmKy6BKXey3n6uFn1nEIkHJsRZjThzl/9cSapVud+BMbJlMlnl06/i8pi8A5YkaRszgDB2tkwmq9zBxrfSeQcsSdI2ZgBh7GyZTJJHlUqStDoDCGNny2Ry8r0f8azzvPOVJGlbK99hFA+1gLExgDAp8WbXcsca9364/EqSpP8qH5QRa+bT01NeTmFQBhAmJV7i1u1U442vhg9Jkt72/Pz85oWne3t7r+sljIUBhMnIZz9ub2+XdrqSJOl/r4+mL9fMOCsCY2EAYTLy2Y+8s5UkSf91eXm5WDej+CIPxsAAwmSU7/1w9kOSpM87PDxcrJ3xEBcYAwMIkxBvju52oHFda97BSpKk5eIpWN36GcMIjIEBhEk4PT1d7EDPzs6WdrCSJGm5uCG9vBfEZViMgQGESSgvv4ob6/IOVpIkrS4eWe8yLMbEAMLoPT4+LnacUd6xSpKk93MZFmNjAGHU4rnl8cSrcseZd6ySJOn98mVYcV8lDMkAwqidn58vdpjd21zzjlWSJH3c0dHRYj2Nh7l4MSFDMoAwauW9HxcXF0s7VEmS9Hlx8/nOzs5iTY2Hu8BQDCCMWrejjPLOVJIkfb3yXhCXYjEkAwijZgCRJKle5ROxXIrFUAwgjJoBRJKkerkUizEwgDBaHr8rSVL98qVYXk5IawYQRsnjdyVJ6q9YV7s11ssJac0AwiidnZ0tdowevytJUt28nJAhGUAYnfLdH5HH70qSVLd4OWG51kJLtjhGJU4DlzvEeFpH3mlKkqTvV74dPe67hFYMIIxK+eLBGD7iXpC8w5QkSd/v+Ph4sebGm9KhFQMIo1Ke/TB8SJLUX/lpk86C0IoBhFEpd4R5RylJkuoWZz6cBaE1AwijYgCRJKld+SwItGBLYzTu7+8XO8Dd3d2lnaQkSaqfAYTWbGmMxsnJyWIHGO8ByTtISZJUPwMIrdnSGIX8+N2Hh4elHaQkSaqfAYTWbGmMQn78bt45SpKkfjKA0JotjcGVN8Dt7Ox4/K4kSQ0zgNCaLY3BlZdfxSMA845RkiT1lwGE1mxpDK68+fzy8nJpxyhJkvrLAEJrtjQGV97/EZdj5R2jJEnqr7///nuxDl9fX+dlGqozgDAo7/6QJGnYyisRYhh5enrKyzVUZQBhUN79IUnSsD0/P79+Cditx3t7e68PhIG+GEAYzPn5+ZvrTr37Q5KkYYo1uLwUK74ghL4YQBhEfvGgd39IkjRs8SCY8lIs6IsBhEHkFw9694ckScNXfjkIfbF1MYhyB2f4kCRpHJWXYbkZnb4YQBhEOYDknZ8kSRqmeCFwtz7/+vUrL99QhQGEQRhAJEkaX7e3t4v1OS6X9jQs+mAAYRAGEEmSxll5n+bNzU1ewuHbDCAMwgAiSdI4Kx+Tf3h4mJdw+DYDCE3FDW0HBweLHVvc7JZ3fJIkabj+/Pnz5ovCx8fHvJzDtxhAaObu7u7N0zWiuMEt7/gkSdKwlTejx3+GmgwgNLO3t/fmzMfFxcXSDk+SJA1fnPUovzCEmmxRNFPuyOJSrLyzkyRJ48kAQl9sUTRT7sjyTk6SJI0rAwh9sUXRjAFEkqTpZAChL7Yomigf6WcAkSRp/BlA6Istit5dXV292YkdHx8v7eQkSdK4Kp9c6VG81GQAoXflG1V//vz58s8//yzt5CRJ0riKLwy79dujeKnJAEKv8mP8DB+SJE2jvIY7C0ItBhB6E8PG/v7+Ysd1eHi4tHOTJEnjzQsJ6YMBhN6UN57HdaTe/SFJ0rTKZ0GgBlsSvSnv/fDWc0mSppkBhNpsSfSi/MZkZ2dnaWcmSZKmkQGE2mxJ9OLy8nKxs4prRvPOTJIkTSMDCLXZkuhFedNaDCN5ZyZJkqaRAYTabElUF5df5ZcX5Z2ZJEmaRgYQarMlUVV+9O7BwcHSjkySJE0nAwi12ZKoyqN3JUmaVwYQarMlUZVH70qSNK8MINRmS6Iaj96VJGl+GUCozZZENR69K0nS/DKAUJstiWo8eleSpPllAKE2WxLVxGVX3Q7Ko3clSZpHBhBqsyVRTbmDyjsvSZI0zQwg1GZLohoDiCRJ88sAQm22JKoxgEiSNL8MINRmS6IaA4gkSfPLAEJttiSqMYBIkjS/DCDUZkuiGgOIJEnzywBCbbYkqjGASJI0vwwg1GZLohoDiCRJ88sAQm22JKoxgEiSNL8MINRmS6IaA4gkSfPLAEJttiSqMYBIkjS/DCDUZkuiGgOIJEnzywBCbbYkqjGASJI0vwwg1GZLohoDiCRJ88sAQm22JKoxgEiSNL8MINRmS6IaA4gkSfPLAEJttiSqMYBIkjS/DCDUZkuiGgOIJEnzywBCbbYkqjGASJI0vwwg1GZLohoDiCRJ88sAQm22JKoxgEiSNL8MINRmS6IaA4gkSfPLAEJttiSqMYBIkjS/DCDUZkuiGgOIJEnzywBCbbYkqjGASJI0vwwg1GZLohoDiCRJ88sAQm22JKoxgEiSNL8MINRmS6IaA4gkSfPLAEJttiSqMYBIkjS/DCDUZkuiGgOIJEnzywBCbbYkqjGASJI0vwwg1GZLohoDiCRJ88sAQm22JKoxgEiSNL8MINRmS6IaA4gkSfPLAEJttiSqMYBIkjS/DCDUZkuiGgOIJEnzywBCbbYkqjGASJI0vwwg1GZLohoDiCRJ88sAQm22JKoxgEiSNL8MINRmS6IaA4gkSfPLAEJttiSqMYBIkjSvzs/PDSBUZ0uiGgOIJEnzKQ8fx8fHeemHjRhAqMYAIknSPLq6unqzrv/8+fPln3/+yUs/bMQAQjUGEEmS5tGPHz8MH/TGAEI1BhBJkqZfvvTK8EFtBhCqMYBIkjTt8vDhvg/6YAChGgOIJEnTLQ8fLr2iLwYQqjGASJI0zQwftGQAoRoDiCRJ08sTr2jNAEI1f//992Ln9fj4uLSDkyRJ48sTr2jNAEI1caNatwM7Ojpa2sFJkqRxdX9/v1i7d3Z2DB80YQChmjjrUZ7C/fPnz9KOTpIkjafy3o+Tk5O8tEMvDCBUFaduux1ZXFOad3SSJGk87e/vL9bt6+vrvKxDLwwgVBU7r25Hdnh4uLSjkyRJ4yiuVCivXHh+fs7LOvTCAEJVsfMqb0Z3GZYkSeOs/NLw4OAgL+nQGwMI1bkMS5KkcRf3bcbQ0a3XcS8ItGIAoTqXYUmSNM7ii8Hd3d03l15FDw8PeTmH3hhAqC4uwyp3annnJ0mS2pffdt7l6Ve0ZgChFwYQSZLGUx4+4uWDp6enr+8BgdYMIPTCACJJ0jiKy67KddnbzhmaAYRelE/C+v3799LOUJIk9V88jbJckw0fjIEBhF7Ezefdzi5uSs87REmS1H+/fv1arMfx0kHDB2NgAKEX5bWmcXNb3iFKkqR+y2c/bm9v83INgzCA0Iu4qa3b4cXj/vJOUZIk9Vt8AVie/YCxMIDQizjFW37rEi88yjtGSZJUv6enpzcvGXT2g7ExgNCbo6OjxY4v/nPeQUqSpLpdXl6++QIwihvPYUwMIPQmznqUO0BPw5Ikqb/yuz5iELm4uMjLMwzOAEKv4luXbkcYO8G8s5QkSd8vv+sjLsGKS7FgjAwg9CoewVvuDPMOU5Ikfa/8tCvv+mDsDCD06vn5+c1OMb6NyTtOSZK0ed71wdQYQOhdeTN67CTzjlOSJG1W3F/pXR9MjQGE3sXOsNsx/vjx4/WbmbwDlSRJ61c+bjf+M0yBAYQmYvDodpA3NzdLO1BJkrReZ2dni7U1zoK46ZypMIDQRPlowMPDw6WdqCRJ+nr5kbset8uUGEBoIp7QUe4o845UkiR9rTx8eNEgU2MAoRkDiCRJmxdPliyfeNUNH556xdQYQGimfEpHvCU971glSdJyMXjEWY+dnR3DB7NgAKGZ4+PjxU4zHs2bd7CSJOlt8eCWPHgYPpg6AwjNxFmPcud5f3+/tKOVJEn/9vDw8ObqgWh3d/fl+vo6L7EwKQYQmirPgsRO1DtBJElaLi67inWyWzPjcfYGD+bCAEJT8TSs8p0gp6enSztdSZK2vbhUuVsrveODuTGA0Fz5ZvTIDemSJP3v9V0e5VmPLmc+mBsDCIMov9lxQ7okaZuLeyL39vaWBo/o5OQkL6EweQYQBpFvSI/HC+YdsiRJcy4uSy7vjczFF3SedMUcGUAYTHyrU+5o4+VKbkqXJG1DcblVfrxu/N/x38PcGUAYTAwb8Rzzcucbp6DjsYN5Ry1J0hyKm8kPDg6WznbEmZA4IwLbwADCoGIIKe8H6YpvgPJOW5KkKRdrW36vR3zxFveAwDYxgDAK8YSPfCraiwolSXPovbMeZ2dn7vFgKxlAGI049Xx4eLjYMe/v77snRJI02eJlgvGQlVVnPeJyY9hWBhBGJYaQckd9eXm5tEPXdtQt3Kueib8txf/b4+EM8e9F/v1IGnexfuUz+5GzHmAAYYRip93tqGMYcfA1z2IBjsvs4prouPlymweNFsXv9/T01KWNUs/FmY04g5//HYz/zlkP+JcBhNGJA9Ny5x0Hp3kHr+kU73yJb/HLASNfjqD2Obsi1S3+XcqPl+/+XfMmc3jLAMIoxbe05Q7ciwqn1aqhY5O2feG+vb1d+U1qzWIY9NQ5afO6y0Xz5Vbe6QHvM4AwWqu+Sfoo3+i26/fv36+DQXxG3xky4qkwcVnQ1dWVSxN6tulQGP/8zc3N0jYg6f37PLzTAz5mAGG0Vr2oUNPrx48fi3sPGI91z664d0T6rzjrseodVt7pAV9jAGHUYghZ90yIhs/QMQ3r/PsVZ0I8Flv69ybzfCZx2y8XhXUZQJiNdb/R1ebFfQNxdiqub3bp1HzFJSTl5SXxnp64XC5eqpYPyqRtKC65yg/RiCHeY3VhPQYQAN4V3+rmATQqz3LlgzRpbq265CoGEWc9YDMGEAA+FINGHkDyMBIHZ/EkoBhI4mAtH8BJU23VJVdxr0ecCQQ2YwAB4FPxFK24/CSe7hMDRx5Ccp5Kp6mWX5LqkiuozwACwNq++ljfOHg7OztzA7tGXfcujzizkbfhclt2yRXUYQAB4FtiGIkDsxhI4kb1fOAWxTtf4v0x+cBPGrp4sMKqd3mUueQK6jKAAFDdqqfSxUFe/Pf5AFAaqjjrkYeNbmD2klTojwEEgN6sOsBzf4iGLi65im0wb5cusYI2DCAA9Cpu6F1143pcU28QUcu6ez3yJVfxXiM3lkM7BhAAehdDxnv3hxhE1HfvDR6GDxiGAQSAplbdH2IQUR99NHi45AqGYwABYBAGEfWVwQPGzQACwKA+GkTiRXDxJKJ4BGo+yJRyBg+YBgMIAKPw3iDSFTeyOzOiVXUvxjR4wDQYQAAYlc8GEW9XV9QNHTFg5G3E4AHjZgABYJTiAPPy8vLl6Oho5Tfb3q6+nV1cXLw7dBg8YBoMIABMwqozI96uvj3FfUAxdOaBI4rL8+LN5fHOGWD8DCAATMqqt6uX3367T2RexVmuuOQuLr0zdMA8GEAAmJz33q7e5VG+0+/m5ub1JYGrPtu4DAuYLgMIAJP00dvVy4NVN6yPv7jfJy6li7Nbcc/Pe8NlXIIVl2IB02YAAWA24szIqqFkb2/v5eHhYenAV8PUPcEq39PzXnEmJM6IAPNgAAFgdt4bRLriXpH4pj2+cY9/Nl5glw+SVac4+xS/43ii2cnJyYdPsCqLsyBx9iruAQHmxQACwGzF41hXPcL3o+IAOQYTl22tX/y+ywEj3zj+XnEmpBsI41KsOEMCzJcBBIBZi3tFVt3M/FneM7JeHz2dLOcJVrDdDCAAbJ34hj2+rY/7ED66VMt7Rr7WZ8NHDHMxcMTv3NkNwAACAIXPDqbjEqMYWnIxzMT/Nm6Wjm/253z2pHxqVT67FP93XL4G8B4DCAAkn71nZFv77H4awwfwFQYQAFjhK+8Z0X/FTeSGD+ArDCAA8A3xYrw4Y3J1dfV6SVI8ajYGl68+bnaKeWoV8B0GEAAAoBkDCAAA0IwBBAAAaMYAAgAANGMAAQAAmjGAAAAAzRhAAACAZgwgAABAMwYQAACgGQMIAADQjAEEAABoxgACAAA0YwABAACaMYAAAADNGEAAAIBmDCAAAEAzBhAAAKAZAwgAANCMAQQAAGjGAAIAADRjAAEAAJoxgAAAAM0YQAAAgGYMIAAAQDMGEAAAoBkDCAAA0IwBBAAAaMYAAgAANGMAAQAAmjGAAAAAzRhAAACAZgwgAABAMwYQAACgGQMIAADQjAEEAABoxgACAAA0YwABAACaMYAAAADNGEAAAIBmDCAAAEAzBhAAAKAZAwgAANCMAQQAAGjGAAIAADRjAAEAAJr5fx2uINf26J3EAAAAAElFTkSuQmCC','png');
/*!40000 ALTER TABLE `profile` ENABLE KEYS */;
UNLOCK TABLES;

--
-- Table structure for table `scenario_entried_chara`
--

DROP TABLE IF EXISTS `scenario_entried_chara`;
/*!40101 SET @saved_cs_client     = @@character_set_client */;
/*!50503 SET character_set_client = utf8mb4 */;
CREATE TABLE `scenario_entried_chara` (
  `CHARACTER_ID` int NOT NULL,
  `EVENT_ID` int NOT NULL,
  `PLAYER_ID` varchar(20) DEFAULT NULL,
  `ENTRY_DATETIME` datetime DEFAULT CURRENT_TIMESTAMP,
  `UPDATE_DATETIME` datetime DEFAULT CURRENT_TIMESTAMP ON UPDATE CURRENT_TIMESTAMP,
  `DELETE_FLG` tinyint DEFAULT '0',
  PRIMARY KEY (`CHARACTER_ID`,`EVENT_ID`)
) ENGINE=InnoDB DEFAULT CHARSET=utf8mb4 COLLATE=utf8mb4_0900_ai_ci;
/*!40101 SET character_set_client = @saved_cs_client */;

--
-- Dumping data for table `scenario_entried_chara`
--

LOCK TABLES `scenario_entried_chara` WRITE;
/*!40000 ALTER TABLE `scenario_entried_chara` DISABLE KEYS */;
INSERT INTO `scenario_entried_chara` VALUES (1,37,'aaa123','2024-10-18 11:36:36','2024-10-18 14:52:30',1),(2,37,'aaa123','2024-10-18 11:36:39','2024-10-18 14:17:45',1),(3,37,'aaa123','2024-10-18 11:36:44','2024-10-18 14:18:03',0),(4,37,'aaa123','2024-10-18 12:51:12','2024-10-18 12:51:12',0),(6,37,'aaa123','2024-10-18 11:36:58','2024-10-18 14:18:07',0),(9,37,'123','2024-10-18 14:20:21','2024-10-18 14:20:21',0),(9,38,'123','2024-10-18 15:01:02','2024-10-18 15:01:02',0),(9,43,'123','2024-10-18 15:03:38','2024-10-18 15:03:38',0);
/*!40000 ALTER TABLE `scenario_entried_chara` ENABLE KEYS */;
UNLOCK TABLES;

--
-- Table structure for table `schedule`
--

DROP TABLE IF EXISTS `schedule`;
/*!40101 SET @saved_cs_client     = @@character_set_client */;
/*!50503 SET character_set_client = utf8mb4 */;
CREATE TABLE `schedule` (
  `SCHEDULE_ID` int NOT NULL AUTO_INCREMENT,
  `USER_ID` varchar(45) NOT NULL,
  `DATETIME_HOLDED` datetime DEFAULT NULL COMMENT '開催予定時刻',
  `TEXT` varchar(255) DEFAULT NULL,
  `EVENT_ID` int DEFAULT NULL COMMENT 'nullを許す',
  `ENTRY_DATETIME` datetime DEFAULT CURRENT_TIMESTAMP,
  `UPDATE_DATETIME` datetime DEFAULT CURRENT_TIMESTAMP ON UPDATE CURRENT_TIMESTAMP,
  `DELETE_FLG` tinyint DEFAULT '0',
  PRIMARY KEY (`SCHEDULE_ID`),
  UNIQUE KEY `SCHEDULE_ID_UNIQUE` (`SCHEDULE_ID`)
) ENGINE=InnoDB DEFAULT CHARSET=utf8mb4 COLLATE=utf8mb4_0900_ai_ci COMMENT='スケジュール登録テーブル';
/*!40101 SET character_set_client = @saved_cs_client */;

--
-- Dumping data for table `schedule`
--

LOCK TABLES `schedule` WRITE;
/*!40000 ALTER TABLE `schedule` DISABLE KEYS */;
/*!40000 ALTER TABLE `schedule` ENABLE KEYS */;
UNLOCK TABLES;

--
-- Table structure for table `user`
--

DROP TABLE IF EXISTS `user`;
/*!40101 SET @saved_cs_client     = @@character_set_client */;
/*!50503 SET character_set_client = utf8mb4 */;
CREATE TABLE `user` (
  `ID` int NOT NULL AUTO_INCREMENT,
  `USER_ID` varchar(20) NOT NULL,
  `USER_NAME` varchar(20) NOT NULL,
  `EMAIL` varchar(254) NOT NULL,
  `PASSWORD` varchar(254) NOT NULL,
  `ENTRY_DATETIME` datetime DEFAULT CURRENT_TIMESTAMP,
  `UPDATE_DATETIME` datetime DEFAULT CURRENT_TIMESTAMP ON UPDATE CURRENT_TIMESTAMP,
  `DELETE_FLG` tinyint DEFAULT '0',
  PRIMARY KEY (`ID`),
  UNIQUE KEY `ID_UNIQUE` (`ID`)
) ENGINE=InnoDB AUTO_INCREMENT=10 DEFAULT CHARSET=utf8mb4 COLLATE=utf8mb4_0900_ai_ci COMMENT='ユーザー情報マスタ';
/*!40101 SET character_set_client = @saved_cs_client */;

--
-- Dumping data for table `user`
--

LOCK TABLES `user` WRITE;
/*!40000 ALTER TABLE `user` DISABLE KEYS */;
INSERT INTO `user` VALUES (1,'aaa123','taro','abcd@gmail.com','$2a$10$p76Tdd0xHSRIt8e.s/zN9uaR6HjDO8lmjq0zSYyVPhIWVI2x9PcNm','2024-09-17 09:22:23','2024-09-17 09:22:23',0),(2,'123','新しいユーザー','abcd@gmail.com','$2a$10$0ITF1qzrawTwY6IJbWASgummUSGr4o1kyh1xEubMS6CVidP3KL32y','2024-09-19 14:22:12','2024-09-19 14:22:12',0),(7,'test1','test1','','$2a$10$ebt8zGXem/bb4JeaYXDZB.voglWVBxEjg90GRjiW.ZgbP1TDEI1zy','2024-10-02 14:21:20','2024-10-02 14:21:20',0),(8,'test2','普通の名前','elecoms17@yahoo.co.jp','$2a$10$g3mnW8QfEzqbFIUVyhiAkerLo9RHE1z7owYvmPB6MlUg3SMTBQNaC','2024-10-02 15:22:08','2024-10-02 15:22:08',0),(9,'yukachi','ゆかちゃん','','$2a$10$2t98kgAPzKWxkTG3CfApZeTOCYgKTiFThDxqBicA4mJBzTLMM64cC','2024-10-04 14:47:37','2024-10-04 14:47:37',0);
/*!40000 ALTER TABLE `user` ENABLE KEYS */;
UNLOCK TABLES;
/*!40103 SET TIME_ZONE=@OLD_TIME_ZONE */;

/*!40101 SET SQL_MODE=@OLD_SQL_MODE */;
/*!40014 SET FOREIGN_KEY_CHECKS=@OLD_FOREIGN_KEY_CHECKS */;
/*!40014 SET UNIQUE_CHECKS=@OLD_UNIQUE_CHECKS */;
/*!40101 SET CHARACTER_SET_CLIENT=@OLD_CHARACTER_SET_CLIENT */;
/*!40101 SET CHARACTER_SET_RESULTS=@OLD_CHARACTER_SET_RESULTS */;
/*!40101 SET COLLATION_CONNECTION=@OLD_COLLATION_CONNECTION */;
/*!40111 SET SQL_NOTES=@OLD_SQL_NOTES */;

-- Dump completed on 2024-10-18 15:12:50
